image_path,label,class,label_name,metaclass
/home/cboned/Documentos/Projects/SIDTD_Dataset/datasets/SIDTD/templates/Images/reals/alb_id_19.jpg,0,alb,reals,id
/home/cboned/Documentos/Projects/SIDTD_Dataset/datasets/SIDTD/templates/Images/reals/alb_id_82.jpg,0,alb,reals,id
/home/cboned/Documentos/Projects/SIDTD_Dataset/datasets/SIDTD/templates/Images/reals/alb_id_02.jpg,0,alb,reals,id
/home/cboned/Documentos/Projects/SIDTD_Dataset/datasets/SIDTD/templates/Images/reals/alb_id_04.jpg,0,alb,reals,id
/home/cboned/Documentos/Projects/SIDTD_Dataset/datasets/SIDTD/templates/Images/reals/alb_id_50.jpg,0,alb,reals,id
/home/cboned/Documentos/Projects/SIDTD_Dataset/datasets/SIDTD/templates/Images/reals/alb_id_28.jpg,0,alb,reals,id
/home/cboned/Documentos/Projects/SIDTD_Dataset/datasets/SIDTD/templates/Images/reals/alb_id_93.jpg,0,alb,reals,id
/home/cboned/Documentos/Projects/SIDTD_Dataset/datasets/SIDTD/templates/Images/reals/alb_id_46.jpg,0,alb,reals,id
/home/cboned/Documentos/Projects/SIDTD_Dataset/datasets/SIDTD/templates/Images/reals/alb_id_13.jpg,0,alb,reals,id
/home/cboned/Documentos/Projects/SIDTD_Dataset/datasets/SIDTD/templates/Images/reals/alb_id_54.jpg,0,alb,reals,id
/home/cboned/Documentos/Projects/SIDTD_Dataset/datasets/SIDTD/templates/Images/fakes/alb_id_97_fake_4_62.jpg,1,alb,fakes,id
/home/cboned/Documentos/Projects/SIDTD_Dataset/datasets/SIDTD/templates/Images/reals/alb_id_76.jpg,0,alb,reals,id
/home/cboned/Documentos/Projects/SIDTD_Dataset/datasets/SIDTD/templates/Images/reals/alb_id_20.jpg,0,alb,reals,id
/home/cboned/Documentos/Projects/SIDTD_Dataset/datasets/SIDTD/templates/Images/reals/alb_id_97.jpg,0,alb,reals,id
/home/cboned/Documentos/Projects/SIDTD_Dataset/datasets/SIDTD/templates/Images/reals/alb_id_49.jpg,0,alb,reals,id
/home/cboned/Documentos/Projects/SIDTD_Dataset/datasets/SIDTD/templates/Images/reals/alb_id_36.jpg,0,alb,reals,id
/home/cboned/Documentos/Projects/SIDTD_Dataset/datasets/SIDTD/templates/Images/fakes/alb_id_00_fake_4_142.jpg,1,alb,fakes,id
/home/cboned/Documentos/Projects/SIDTD_Dataset/datasets/SIDTD/templates/Images/reals/alb_id_57.jpg,0,alb,reals,id
/home/cboned/Documentos/Projects/SIDTD_Dataset/datasets/SIDTD/templates/Images/reals/alb_id_92.jpg,0,alb,reals,id
/home/cboned/Documentos/Projects/SIDTD_Dataset/datasets/SIDTD/templates/Images/reals/alb_id_12.jpg,0,alb,reals,id
/home/cboned/Documentos/Projects/SIDTD_Dataset/datasets/SIDTD/templates/Images/reals/alb_id_71.jpg,0,alb,reals,id
/home/cboned/Documentos/Projects/SIDTD_Dataset/datasets/SIDTD/templates/Images/reals/alb_id_56.jpg,0,alb,reals,id
/home/cboned/Documentos/Projects/SIDTD_Dataset/datasets/SIDTD/templates/Images/fakes/alb_id_92_fake_4_111.jpg,1,alb,fakes,id
/home/cboned/Documentos/Projects/SIDTD_Dataset/datasets/SIDTD/templates/Images/fakes/alb_id_53_fake_4_109.jpg,1,alb,fakes,id
/home/cboned/Documentos/Projects/SIDTD_Dataset/datasets/SIDTD/templates/Images/reals/alb_id_33.jpg,0,alb,reals,id
/home/cboned/Documentos/Projects/SIDTD_Dataset/datasets/SIDTD/templates/Images/fakes/alb_id_62_fake_4_103.jpg,1,alb,fakes,id
/home/cboned/Documentos/Projects/SIDTD_Dataset/datasets/SIDTD/templates/Images/reals/alb_id_82.jpg,0,alb,reals,id
/home/cboned/Documentos/Projects/SIDTD_Dataset/datasets/SIDTD/templates/Images/reals/alb_id_09.jpg,0,alb,reals,id
/home/cboned/Documentos/Projects/SIDTD_Dataset/datasets/SIDTD/templates/Images/reals/alb_id_92.jpg,0,alb,reals,id
/home/cboned/Documentos/Projects/SIDTD_Dataset/datasets/SIDTD/templates/Images/reals/alb_id_89.jpg,0,alb,reals,id
/home/cboned/Documentos/Projects/SIDTD_Dataset/datasets/SIDTD/templates/Images/reals/alb_id_50.jpg,0,alb,reals,id
/home/cboned/Documentos/Projects/SIDTD_Dataset/datasets/SIDTD/templates/Images/reals/alb_id_67.jpg,0,alb,reals,id
/home/cboned/Documentos/Projects/SIDTD_Dataset/datasets/SIDTD/templates/Images/reals/alb_id_11.jpg,0,alb,reals,id
/home/cboned/Documentos/Projects/SIDTD_Dataset/datasets/SIDTD/templates/Images/fakes/alb_id_84_fake_4_18.jpg,1,alb,fakes,id
/home/cboned/Documentos/Projects/SIDTD_Dataset/datasets/SIDTD/templates/Images/reals/alb_id_97.jpg,0,alb,reals,id
/home/cboned/Documentos/Projects/SIDTD_Dataset/datasets/SIDTD/templates/Images/reals/alb_id_43.jpg,0,alb,reals,id
/home/cboned/Documentos/Projects/SIDTD_Dataset/datasets/SIDTD/templates/Images/fakes/alb_id_49_fake_4_17.jpg,1,alb,fakes,id
/home/cboned/Documentos/Projects/SIDTD_Dataset/datasets/SIDTD/templates/Images/reals/alb_id_87.jpg,0,alb,reals,id
/home/cboned/Documentos/Projects/SIDTD_Dataset/datasets/SIDTD/templates/Images/reals/alb_id_65.jpg,0,alb,reals,id
/home/cboned/Documentos/Projects/SIDTD_Dataset/datasets/SIDTD/templates/Images/reals/alb_id_55.jpg,0,alb,reals,id
/home/cboned/Documentos/Projects/SIDTD_Dataset/datasets/SIDTD/templates/Images/reals/alb_id_29.jpg,0,alb,reals,id
/home/cboned/Documentos/Projects/SIDTD_Dataset/datasets/SIDTD/templates/Images/reals/alb_id_27.jpg,0,alb,reals,id
/home/cboned/Documentos/Projects/SIDTD_Dataset/datasets/SIDTD/templates/Images/reals/alb_id_25.jpg,0,alb,reals,id
/home/cboned/Documentos/Projects/SIDTD_Dataset/datasets/SIDTD/templates/Images/reals/alb_id_43.jpg,0,alb,reals,id
/home/cboned/Documentos/Projects/SIDTD_Dataset/datasets/SIDTD/templates/Images/reals/alb_id_21.jpg,0,alb,reals,id
/home/cboned/Documentos/Projects/SIDTD_Dataset/datasets/SIDTD/templates/Images/reals/alb_id_27.jpg,0,alb,reals,id
/home/cboned/Documentos/Projects/SIDTD_Dataset/datasets/SIDTD/templates/Images/reals/alb_id_25.jpg,0,alb,reals,id
/home/cboned/Documentos/Projects/SIDTD_Dataset/datasets/SIDTD/templates/Images/reals/alb_id_94.jpg,0,alb,reals,id
/home/cboned/Documentos/Projects/SIDTD_Dataset/datasets/SIDTD/templates/Images/reals/alb_id_44.jpg,0,alb,reals,id
/home/cboned/Documentos/Projects/SIDTD_Dataset/datasets/SIDTD/templates/Images/reals/alb_id_87.jpg,0,alb,reals,id
/home/cboned/Documentos/Projects/SIDTD_Dataset/datasets/SIDTD/templates/Images/reals/alb_id_75.jpg,0,alb,reals,id
/home/cboned/Documentos/Projects/SIDTD_Dataset/datasets/SIDTD/templates/Images/reals/alb_id_15.jpg,0,alb,reals,id
/home/cboned/Documentos/Projects/SIDTD_Dataset/datasets/SIDTD/templates/Images/fakes/alb_id_63_fake_4_132.jpg,1,alb,fakes,id
/home/cboned/Documentos/Projects/SIDTD_Dataset/datasets/SIDTD/templates/Images/fakes/alb_id_00_fake_4_167.jpg,1,alb,fakes,id
/home/cboned/Documentos/Projects/SIDTD_Dataset/datasets/SIDTD/templates/Images/reals/alb_id_63.jpg,0,alb,reals,id
/home/cboned/Documentos/Projects/SIDTD_Dataset/datasets/SIDTD/templates/Images/reals/alb_id_36.jpg,0,alb,reals,id
/home/cboned/Documentos/Projects/SIDTD_Dataset/datasets/SIDTD/templates/Images/reals/alb_id_32.jpg,0,alb,reals,id
/home/cboned/Documentos/Projects/SIDTD_Dataset/datasets/SIDTD/templates/Images/fakes/alb_id_38_fake_4_181.jpg,1,alb,fakes,id
/home/cboned/Documentos/Projects/SIDTD_Dataset/datasets/SIDTD/templates/Images/reals/aze_passport_28.jpg,0,aze,reals,passport
/home/cboned/Documentos/Projects/SIDTD_Dataset/datasets/SIDTD/templates/Images/reals/aze_passport_13.jpg,0,aze,reals,passport
/home/cboned/Documentos/Projects/SIDTD_Dataset/datasets/SIDTD/templates/Images/reals/aze_passport_10.jpg,0,aze,reals,passport
/home/cboned/Documentos/Projects/SIDTD_Dataset/datasets/SIDTD/templates/Images/reals/aze_passport_61.jpg,0,aze,reals,passport
/home/cboned/Documentos/Projects/SIDTD_Dataset/datasets/SIDTD/templates/Images/reals/aze_passport_54.jpg,0,aze,reals,passport
/home/cboned/Documentos/Projects/SIDTD_Dataset/datasets/SIDTD/templates/Images/reals/aze_passport_63.jpg,0,aze,reals,passport
/home/cboned/Documentos/Projects/SIDTD_Dataset/datasets/SIDTD/templates/Images/fakes/aze_passport_59_fake_9_41.jpg,1,aze,fakes,passport
/home/cboned/Documentos/Projects/SIDTD_Dataset/datasets/SIDTD/templates/Images/fakes/aze_passport_99_fake_9_22.jpg,1,aze,fakes,passport
/home/cboned/Documentos/Projects/SIDTD_Dataset/datasets/SIDTD/templates/Images/reals/aze_passport_74.jpg,0,aze,reals,passport
/home/cboned/Documentos/Projects/SIDTD_Dataset/datasets/SIDTD/templates/Images/reals/aze_passport_90.jpg,0,aze,reals,passport
/home/cboned/Documentos/Projects/SIDTD_Dataset/datasets/SIDTD/templates/Images/reals/aze_passport_26.jpg,0,aze,reals,passport
/home/cboned/Documentos/Projects/SIDTD_Dataset/datasets/SIDTD/templates/Images/reals/aze_passport_39.jpg,0,aze,reals,passport
/home/cboned/Documentos/Projects/SIDTD_Dataset/datasets/SIDTD/templates/Images/reals/aze_passport_44.jpg,0,aze,reals,passport
/home/cboned/Documentos/Projects/SIDTD_Dataset/datasets/SIDTD/templates/Images/reals/aze_passport_46.jpg,0,aze,reals,passport
/home/cboned/Documentos/Projects/SIDTD_Dataset/datasets/SIDTD/templates/Images/reals/aze_passport_57.jpg,0,aze,reals,passport
/home/cboned/Documentos/Projects/SIDTD_Dataset/datasets/SIDTD/templates/Images/reals/aze_passport_23.jpg,0,aze,reals,passport
/home/cboned/Documentos/Projects/SIDTD_Dataset/datasets/SIDTD/templates/Images/fakes/aze_passport_40_fake_9_99.jpg,1,aze,fakes,passport
/home/cboned/Documentos/Projects/SIDTD_Dataset/datasets/SIDTD/templates/Images/reals/aze_passport_14.jpg,0,aze,reals,passport
/home/cboned/Documentos/Projects/SIDTD_Dataset/datasets/SIDTD/templates/Images/reals/aze_passport_51.jpg,0,aze,reals,passport
/home/cboned/Documentos/Projects/SIDTD_Dataset/datasets/SIDTD/templates/Images/reals/aze_passport_82.jpg,0,aze,reals,passport
/home/cboned/Documentos/Projects/SIDTD_Dataset/datasets/SIDTD/templates/Images/reals/aze_passport_49.jpg,0,aze,reals,passport
/home/cboned/Documentos/Projects/SIDTD_Dataset/datasets/SIDTD/templates/Images/fakes/aze_passport_30_fake_9_99.jpg,1,aze,fakes,passport
/home/cboned/Documentos/Projects/SIDTD_Dataset/datasets/SIDTD/templates/Images/reals/aze_passport_55.jpg,0,aze,reals,passport
/home/cboned/Documentos/Projects/SIDTD_Dataset/datasets/SIDTD/templates/Images/reals/aze_passport_88.jpg,0,aze,reals,passport
/home/cboned/Documentos/Projects/SIDTD_Dataset/datasets/SIDTD/templates/Images/fakes/aze_passport_07_fake_9_74.jpg,1,aze,fakes,passport
/home/cboned/Documentos/Projects/SIDTD_Dataset/datasets/SIDTD/templates/Images/reals/aze_passport_33.jpg,0,aze,reals,passport
/home/cboned/Documentos/Projects/SIDTD_Dataset/datasets/SIDTD/templates/Images/reals/aze_passport_33.jpg,0,aze,reals,passport
/home/cboned/Documentos/Projects/SIDTD_Dataset/datasets/SIDTD/templates/Images/reals/aze_passport_03.jpg,0,aze,reals,passport
/home/cboned/Documentos/Projects/SIDTD_Dataset/datasets/SIDTD/templates/Images/reals/aze_passport_51.jpg,0,aze,reals,passport
/home/cboned/Documentos/Projects/SIDTD_Dataset/datasets/SIDTD/templates/Images/reals/aze_passport_00.jpg,0,aze,reals,passport
/home/cboned/Documentos/Projects/SIDTD_Dataset/datasets/SIDTD/templates/Images/reals/aze_passport_04.jpg,0,aze,reals,passport
/home/cboned/Documentos/Projects/SIDTD_Dataset/datasets/SIDTD/templates/Images/reals/aze_passport_53.jpg,0,aze,reals,passport
/home/cboned/Documentos/Projects/SIDTD_Dataset/datasets/SIDTD/templates/Images/reals/aze_passport_81.jpg,0,aze,reals,passport
/home/cboned/Documentos/Projects/SIDTD_Dataset/datasets/SIDTD/templates/Images/reals/aze_passport_00.jpg,0,aze,reals,passport
/home/cboned/Documentos/Projects/SIDTD_Dataset/datasets/SIDTD/templates/Images/reals/aze_passport_89.jpg,0,aze,reals,passport
/home/cboned/Documentos/Projects/SIDTD_Dataset/datasets/SIDTD/templates/Images/reals/aze_passport_62.jpg,0,aze,reals,passport
/home/cboned/Documentos/Projects/SIDTD_Dataset/datasets/SIDTD/templates/Images/reals/aze_passport_22.jpg,0,aze,reals,passport
/home/cboned/Documentos/Projects/SIDTD_Dataset/datasets/SIDTD/templates/Images/reals/aze_passport_45.jpg,0,aze,reals,passport
/home/cboned/Documentos/Projects/SIDTD_Dataset/datasets/SIDTD/templates/Images/reals/aze_passport_26.jpg,0,aze,reals,passport
/home/cboned/Documentos/Projects/SIDTD_Dataset/datasets/SIDTD/templates/Images/reals/aze_passport_27.jpg,0,aze,reals,passport
/home/cboned/Documentos/Projects/SIDTD_Dataset/datasets/SIDTD/templates/Images/reals/aze_passport_88.jpg,0,aze,reals,passport
/home/cboned/Documentos/Projects/SIDTD_Dataset/datasets/SIDTD/templates/Images/reals/aze_passport_15.jpg,0,aze,reals,passport
/home/cboned/Documentos/Projects/SIDTD_Dataset/datasets/SIDTD/templates/Images/reals/aze_passport_06.jpg,0,aze,reals,passport
/home/cboned/Documentos/Projects/SIDTD_Dataset/datasets/SIDTD/templates/Images/reals/aze_passport_20.jpg,0,aze,reals,passport
/home/cboned/Documentos/Projects/SIDTD_Dataset/datasets/SIDTD/templates/Images/reals/aze_passport_09.jpg,0,aze,reals,passport
/home/cboned/Documentos/Projects/SIDTD_Dataset/datasets/SIDTD/templates/Images/reals/aze_passport_14.jpg,0,aze,reals,passport
/home/cboned/Documentos/Projects/SIDTD_Dataset/datasets/SIDTD/templates/Images/fakes/aze_passport_50_fake_9_56.jpg,1,aze,fakes,passport
/home/cboned/Documentos/Projects/SIDTD_Dataset/datasets/SIDTD/templates/Images/reals/aze_passport_29.jpg,0,aze,reals,passport
/home/cboned/Documentos/Projects/SIDTD_Dataset/datasets/SIDTD/templates/Images/fakes/aze_passport_71_fake_9_99.jpg,1,aze,fakes,passport
/home/cboned/Documentos/Projects/SIDTD_Dataset/datasets/SIDTD/templates/Images/reals/aze_passport_73.jpg,0,aze,reals,passport
/home/cboned/Documentos/Projects/SIDTD_Dataset/datasets/SIDTD/templates/Images/reals/aze_passport_25.jpg,0,aze,reals,passport
/home/cboned/Documentos/Projects/SIDTD_Dataset/datasets/SIDTD/templates/Images/fakes/aze_passport_44_fake_9_144.jpg,1,aze,fakes,passport
/home/cboned/Documentos/Projects/SIDTD_Dataset/datasets/SIDTD/templates/Images/reals/aze_passport_43.jpg,0,aze,reals,passport
/home/cboned/Documentos/Projects/SIDTD_Dataset/datasets/SIDTD/templates/Images/reals/aze_passport_65.jpg,0,aze,reals,passport
/home/cboned/Documentos/Projects/SIDTD_Dataset/datasets/SIDTD/templates/Images/reals/aze_passport_17.jpg,0,aze,reals,passport
/home/cboned/Documentos/Projects/SIDTD_Dataset/datasets/SIDTD/templates/Images/reals/aze_passport_53.jpg,0,aze,reals,passport
/home/cboned/Documentos/Projects/SIDTD_Dataset/datasets/SIDTD/templates/Images/reals/aze_passport_31.jpg,0,aze,reals,passport
/home/cboned/Documentos/Projects/SIDTD_Dataset/datasets/SIDTD/templates/Images/reals/aze_passport_93.jpg,0,aze,reals,passport
/home/cboned/Documentos/Projects/SIDTD_Dataset/datasets/SIDTD/templates/Images/fakes/aze_passport_12_fake_9_25.jpg,1,aze,fakes,passport
/home/cboned/Documentos/Projects/SIDTD_Dataset/datasets/SIDTD/templates/Images/reals/esp_id_41.jpg,0,esp,reals,id
/home/cboned/Documentos/Projects/SIDTD_Dataset/datasets/SIDTD/templates/Images/reals/esp_id_50.jpg,0,esp,reals,id
/home/cboned/Documentos/Projects/SIDTD_Dataset/datasets/SIDTD/templates/Images/reals/esp_id_70.jpg,0,esp,reals,id
/home/cboned/Documentos/Projects/SIDTD_Dataset/datasets/SIDTD/templates/Images/reals/esp_id_33.jpg,0,esp,reals,id
/home/cboned/Documentos/Projects/SIDTD_Dataset/datasets/SIDTD/templates/Images/reals/esp_id_27.jpg,0,esp,reals,id
/home/cboned/Documentos/Projects/SIDTD_Dataset/datasets/SIDTD/templates/Images/fakes/esp_id_08_fake_7_0.jpg,1,esp,fakes,id
/home/cboned/Documentos/Projects/SIDTD_Dataset/datasets/SIDTD/templates/Images/reals/esp_id_64.jpg,0,esp,reals,id
/home/cboned/Documentos/Projects/SIDTD_Dataset/datasets/SIDTD/templates/Images/reals/esp_id_57.jpg,0,esp,reals,id
/home/cboned/Documentos/Projects/SIDTD_Dataset/datasets/SIDTD/templates/Images/reals/esp_id_39.jpg,0,esp,reals,id
/home/cboned/Documentos/Projects/SIDTD_Dataset/datasets/SIDTD/templates/Images/reals/esp_id_89.jpg,0,esp,reals,id
/home/cboned/Documentos/Projects/SIDTD_Dataset/datasets/SIDTD/templates/Images/reals/esp_id_66.jpg,0,esp,reals,id
/home/cboned/Documentos/Projects/SIDTD_Dataset/datasets/SIDTD/templates/Images/fakes/esp_id_51_fake_7_99.jpg,1,esp,fakes,id
/home/cboned/Documentos/Projects/SIDTD_Dataset/datasets/SIDTD/templates/Images/fakes/esp_id_76_fake_7_166.jpg,1,esp,fakes,id
/home/cboned/Documentos/Projects/SIDTD_Dataset/datasets/SIDTD/templates/Images/reals/esp_id_36.jpg,0,esp,reals,id
/home/cboned/Documentos/Projects/SIDTD_Dataset/datasets/SIDTD/templates/Images/fakes/esp_id_95_fake_7_20.jpg,1,esp,fakes,id
/home/cboned/Documentos/Projects/SIDTD_Dataset/datasets/SIDTD/templates/Images/reals/esp_id_75.jpg,0,esp,reals,id
/home/cboned/Documentos/Projects/SIDTD_Dataset/datasets/SIDTD/templates/Images/reals/esp_id_30.jpg,0,esp,reals,id
/home/cboned/Documentos/Projects/SIDTD_Dataset/datasets/SIDTD/templates/Images/reals/esp_id_19.jpg,0,esp,reals,id
/home/cboned/Documentos/Projects/SIDTD_Dataset/datasets/SIDTD/templates/Images/reals/esp_id_70.jpg,0,esp,reals,id
/home/cboned/Documentos/Projects/SIDTD_Dataset/datasets/SIDTD/templates/Images/reals/esp_id_10.jpg,0,esp,reals,id
/home/cboned/Documentos/Projects/SIDTD_Dataset/datasets/SIDTD/templates/Images/reals/esp_id_62.jpg,0,esp,reals,id
/home/cboned/Documentos/Projects/SIDTD_Dataset/datasets/SIDTD/templates/Images/reals/esp_id_79.jpg,0,esp,reals,id
/home/cboned/Documentos/Projects/SIDTD_Dataset/datasets/SIDTD/templates/Images/reals/esp_id_25.jpg,0,esp,reals,id
/home/cboned/Documentos/Projects/SIDTD_Dataset/datasets/SIDTD/templates/Images/reals/esp_id_59.jpg,0,esp,reals,id
/home/cboned/Documentos/Projects/SIDTD_Dataset/datasets/SIDTD/templates/Images/reals/esp_id_27.jpg,0,esp,reals,id
/home/cboned/Documentos/Projects/SIDTD_Dataset/datasets/SIDTD/templates/Images/reals/esp_id_01.jpg,0,esp,reals,id
/home/cboned/Documentos/Projects/SIDTD_Dataset/datasets/SIDTD/templates/Images/reals/esp_id_76.jpg,0,esp,reals,id
/home/cboned/Documentos/Projects/SIDTD_Dataset/datasets/SIDTD/templates/Images/reals/esp_id_80.jpg,0,esp,reals,id
/home/cboned/Documentos/Projects/SIDTD_Dataset/datasets/SIDTD/templates/Images/reals/esp_id_35.jpg,0,esp,reals,id
/home/cboned/Documentos/Projects/SIDTD_Dataset/datasets/SIDTD/templates/Images/reals/esp_id_82.jpg,0,esp,reals,id
/home/cboned/Documentos/Projects/SIDTD_Dataset/datasets/SIDTD/templates/Images/reals/esp_id_23.jpg,0,esp,reals,id
/home/cboned/Documentos/Projects/SIDTD_Dataset/datasets/SIDTD/templates/Images/fakes/esp_id_94_fake_7_99.jpg,1,esp,fakes,id
/home/cboned/Documentos/Projects/SIDTD_Dataset/datasets/SIDTD/templates/Images/reals/esp_id_04.jpg,0,esp,reals,id
/home/cboned/Documentos/Projects/SIDTD_Dataset/datasets/SIDTD/templates/Images/reals/esp_id_11.jpg,0,esp,reals,id
/home/cboned/Documentos/Projects/SIDTD_Dataset/datasets/SIDTD/templates/Images/reals/esp_id_86.jpg,0,esp,reals,id
/home/cboned/Documentos/Projects/SIDTD_Dataset/datasets/SIDTD/templates/Images/reals/esp_id_85.jpg,0,esp,reals,id
/home/cboned/Documentos/Projects/SIDTD_Dataset/datasets/SIDTD/templates/Images/fakes/esp_id_10_fake_7_199.jpg,1,esp,fakes,id
/home/cboned/Documentos/Projects/SIDTD_Dataset/datasets/SIDTD/templates/Images/fakes/esp_id_03_fake_7_99.jpg,1,esp,fakes,id
/home/cboned/Documentos/Projects/SIDTD_Dataset/datasets/SIDTD/templates/Images/reals/esp_id_05.jpg,0,esp,reals,id
/home/cboned/Documentos/Projects/SIDTD_Dataset/datasets/SIDTD/templates/Images/reals/esp_id_64.jpg,0,esp,reals,id
/home/cboned/Documentos/Projects/SIDTD_Dataset/datasets/SIDTD/templates/Images/reals/esp_id_16.jpg,0,esp,reals,id
/home/cboned/Documentos/Projects/SIDTD_Dataset/datasets/SIDTD/templates/Images/reals/esp_id_24.jpg,0,esp,reals,id
/home/cboned/Documentos/Projects/SIDTD_Dataset/datasets/SIDTD/templates/Images/reals/esp_id_68.jpg,0,esp,reals,id
/home/cboned/Documentos/Projects/SIDTD_Dataset/datasets/SIDTD/templates/Images/reals/esp_id_01.jpg,0,esp,reals,id
/home/cboned/Documentos/Projects/SIDTD_Dataset/datasets/SIDTD/templates/Images/reals/esp_id_34.jpg,0,esp,reals,id
/home/cboned/Documentos/Projects/SIDTD_Dataset/datasets/SIDTD/templates/Images/reals/esp_id_60.jpg,0,esp,reals,id
/home/cboned/Documentos/Projects/SIDTD_Dataset/datasets/SIDTD/templates/Images/reals/esp_id_45.jpg,0,esp,reals,id
/home/cboned/Documentos/Projects/SIDTD_Dataset/datasets/SIDTD/templates/Images/reals/esp_id_74.jpg,0,esp,reals,id
/home/cboned/Documentos/Projects/SIDTD_Dataset/datasets/SIDTD/templates/Images/reals/esp_id_99.jpg,0,esp,reals,id
/home/cboned/Documentos/Projects/SIDTD_Dataset/datasets/SIDTD/templates/Images/reals/esp_id_26.jpg,0,esp,reals,id
/home/cboned/Documentos/Projects/SIDTD_Dataset/datasets/SIDTD/templates/Images/fakes/esp_id_01_fake_7_108.jpg,1,esp,fakes,id
/home/cboned/Documentos/Projects/SIDTD_Dataset/datasets/SIDTD/templates/Images/reals/esp_id_78.jpg,0,esp,reals,id
/home/cboned/Documentos/Projects/SIDTD_Dataset/datasets/SIDTD/templates/Images/fakes/esp_id_94_fake_7_99.jpg,1,esp,fakes,id
/home/cboned/Documentos/Projects/SIDTD_Dataset/datasets/SIDTD/templates/Images/reals/esp_id_60.jpg,0,esp,reals,id
/home/cboned/Documentos/Projects/SIDTD_Dataset/datasets/SIDTD/templates/Images/reals/esp_id_94.jpg,0,esp,reals,id
/home/cboned/Documentos/Projects/SIDTD_Dataset/datasets/SIDTD/templates/Images/reals/esp_id_94.jpg,0,esp,reals,id
/home/cboned/Documentos/Projects/SIDTD_Dataset/datasets/SIDTD/templates/Images/reals/esp_id_84.jpg,0,esp,reals,id
/home/cboned/Documentos/Projects/SIDTD_Dataset/datasets/SIDTD/templates/Images/reals/esp_id_85.jpg,0,esp,reals,id
/home/cboned/Documentos/Projects/SIDTD_Dataset/datasets/SIDTD/templates/Images/reals/esp_id_35.jpg,0,esp,reals,id
/home/cboned/Documentos/Projects/SIDTD_Dataset/datasets/SIDTD/templates/Images/reals/esp_id_99.jpg,0,esp,reals,id
/home/cboned/Documentos/Projects/SIDTD_Dataset/datasets/SIDTD/templates/Images/reals/esp_id_71.jpg,0,esp,reals,id
/home/cboned/Documentos/Projects/SIDTD_Dataset/datasets/SIDTD/templates/Images/reals/esp_id_72.jpg,0,esp,reals,id
/home/cboned/Documentos/Projects/SIDTD_Dataset/datasets/SIDTD/templates/Images/reals/esp_id_11.jpg,0,esp,reals,id
/home/cboned/Documentos/Projects/SIDTD_Dataset/datasets/SIDTD/templates/Images/reals/esp_id_59.jpg,0,esp,reals,id
/home/cboned/Documentos/Projects/SIDTD_Dataset/datasets/SIDTD/templates/Images/reals/esp_id_99.jpg,0,esp,reals,id
/home/cboned/Documentos/Projects/SIDTD_Dataset/datasets/SIDTD/templates/Images/reals/esp_id_01.jpg,0,esp,reals,id
/home/cboned/Documentos/Projects/SIDTD_Dataset/datasets/SIDTD/templates/Images/reals/esp_id_73.jpg,0,esp,reals,id
/home/cboned/Documentos/Projects/SIDTD_Dataset/datasets/SIDTD/templates/Images/fakes/esp_id_70_fake_7_134.jpg,1,esp,fakes,id
/home/cboned/Documentos/Projects/SIDTD_Dataset/datasets/SIDTD/templates/Images/reals/esp_id_44.jpg,0,esp,reals,id
/home/cboned/Documentos/Projects/SIDTD_Dataset/datasets/SIDTD/templates/Images/fakes/esp_id_06_fake_7_54.jpg,1,esp,fakes,id
/home/cboned/Documentos/Projects/SIDTD_Dataset/datasets/SIDTD/templates/Images/reals/esp_id_66.jpg,0,esp,reals,id
/home/cboned/Documentos/Projects/SIDTD_Dataset/datasets/SIDTD/templates/Images/reals/esp_id_97.jpg,0,esp,reals,id
/home/cboned/Documentos/Projects/SIDTD_Dataset/datasets/SIDTD/templates/Images/reals/esp_id_32.jpg,0,esp,reals,id
/home/cboned/Documentos/Projects/SIDTD_Dataset/datasets/SIDTD/templates/Images/reals/esp_id_74.jpg,0,esp,reals,id
/home/cboned/Documentos/Projects/SIDTD_Dataset/datasets/SIDTD/templates/Images/reals/esp_id_56.jpg,0,esp,reals,id
/home/cboned/Documentos/Projects/SIDTD_Dataset/datasets/SIDTD/templates/Images/reals/est_id_87.jpg,0,est,reals,id
/home/cboned/Documentos/Projects/SIDTD_Dataset/datasets/SIDTD/templates/Images/reals/est_id_81.jpg,0,est,reals,id
/home/cboned/Documentos/Projects/SIDTD_Dataset/datasets/SIDTD/templates/Images/reals/est_id_95.jpg,0,est,reals,id
/home/cboned/Documentos/Projects/SIDTD_Dataset/datasets/SIDTD/templates/Images/reals/est_id_10.jpg,0,est,reals,id
/home/cboned/Documentos/Projects/SIDTD_Dataset/datasets/SIDTD/templates/Images/reals/est_id_81.jpg,0,est,reals,id
/home/cboned/Documentos/Projects/SIDTD_Dataset/datasets/SIDTD/templates/Images/reals/est_id_60.jpg,0,est,reals,id
/home/cboned/Documentos/Projects/SIDTD_Dataset/datasets/SIDTD/templates/Images/reals/est_id_37.jpg,0,est,reals,id
/home/cboned/Documentos/Projects/SIDTD_Dataset/datasets/SIDTD/templates/Images/reals/est_id_51.jpg,0,est,reals,id
/home/cboned/Documentos/Projects/SIDTD_Dataset/datasets/SIDTD/templates/Images/fakes/est_id_27_fake_1_36.jpg,1,est,fakes,id
/home/cboned/Documentos/Projects/SIDTD_Dataset/datasets/SIDTD/templates/Images/reals/est_id_90.jpg,0,est,reals,id
/home/cboned/Documentos/Projects/SIDTD_Dataset/datasets/SIDTD/templates/Images/reals/est_id_86.jpg,0,est,reals,id
/home/cboned/Documentos/Projects/SIDTD_Dataset/datasets/SIDTD/templates/Images/reals/est_id_47.jpg,0,est,reals,id
/home/cboned/Documentos/Projects/SIDTD_Dataset/datasets/SIDTD/templates/Images/reals/est_id_91.jpg,0,est,reals,id
/home/cboned/Documentos/Projects/SIDTD_Dataset/datasets/SIDTD/templates/Images/reals/est_id_41.jpg,0,est,reals,id
/home/cboned/Documentos/Projects/SIDTD_Dataset/datasets/SIDTD/templates/Images/fakes/est_id_70_fake_1_79.jpg,1,est,fakes,id
/home/cboned/Documentos/Projects/SIDTD_Dataset/datasets/SIDTD/templates/Images/fakes/est_id_37_fake_1_41.jpg,1,est,fakes,id
/home/cboned/Documentos/Projects/SIDTD_Dataset/datasets/SIDTD/templates/Images/reals/est_id_60.jpg,0,est,reals,id
/home/cboned/Documentos/Projects/SIDTD_Dataset/datasets/SIDTD/templates/Images/reals/est_id_55.jpg,0,est,reals,id
/home/cboned/Documentos/Projects/SIDTD_Dataset/datasets/SIDTD/templates/Images/reals/est_id_23.jpg,0,est,reals,id
/home/cboned/Documentos/Projects/SIDTD_Dataset/datasets/SIDTD/templates/Images/fakes/est_id_40_fake_1_54.jpg,1,est,fakes,id
/home/cboned/Documentos/Projects/SIDTD_Dataset/datasets/SIDTD/templates/Images/reals/est_id_67.jpg,0,est,reals,id
/home/cboned/Documentos/Projects/SIDTD_Dataset/datasets/SIDTD/templates/Images/reals/est_id_79.jpg,0,est,reals,id
/home/cboned/Documentos/Projects/SIDTD_Dataset/datasets/SIDTD/templates/Images/fakes/est_id_29_fake_1_172.jpg,1,est,fakes,id
/home/cboned/Documentos/Projects/SIDTD_Dataset/datasets/SIDTD/templates/Images/fakes/est_id_17_fake_1_78.jpg,1,est,fakes,id
/home/cboned/Documentos/Projects/SIDTD_Dataset/datasets/SIDTD/templates/Images/reals/est_id_13.jpg,0,est,reals,id
/home/cboned/Documentos/Projects/SIDTD_Dataset/datasets/SIDTD/templates/Images/reals/est_id_06.jpg,0,est,reals,id
/home/cboned/Documentos/Projects/SIDTD_Dataset/datasets/SIDTD/templates/Images/reals/est_id_77.jpg,0,est,reals,id
/home/cboned/Documentos/Projects/SIDTD_Dataset/datasets/SIDTD/templates/Images/reals/est_id_43.jpg,0,est,reals,id
/home/cboned/Documentos/Projects/SIDTD_Dataset/datasets/SIDTD/templates/Images/reals/est_id_81.jpg,0,est,reals,id
/home/cboned/Documentos/Projects/SIDTD_Dataset/datasets/SIDTD/templates/Images/fakes/est_id_62_fake_1_91.jpg,1,est,fakes,id
/home/cboned/Documentos/Projects/SIDTD_Dataset/datasets/SIDTD/templates/Images/fakes/est_id_40_fake_1_99.jpg,1,est,fakes,id
/home/cboned/Documentos/Projects/SIDTD_Dataset/datasets/SIDTD/templates/Images/reals/est_id_88.jpg,0,est,reals,id
/home/cboned/Documentos/Projects/SIDTD_Dataset/datasets/SIDTD/templates/Images/fakes/est_id_48_fake_1_24.jpg,1,est,fakes,id
/home/cboned/Documentos/Projects/SIDTD_Dataset/datasets/SIDTD/templates/Images/reals/est_id_34.jpg,0,est,reals,id
/home/cboned/Documentos/Projects/SIDTD_Dataset/datasets/SIDTD/templates/Images/reals/est_id_23.jpg,0,est,reals,id
/home/cboned/Documentos/Projects/SIDTD_Dataset/datasets/SIDTD/templates/Images/reals/est_id_97.jpg,0,est,reals,id
/home/cboned/Documentos/Projects/SIDTD_Dataset/datasets/SIDTD/templates/Images/fakes/est_id_00_fake_1_14.jpg,1,est,fakes,id
/home/cboned/Documentos/Projects/SIDTD_Dataset/datasets/SIDTD/templates/Images/reals/est_id_30.jpg,0,est,reals,id
/home/cboned/Documentos/Projects/SIDTD_Dataset/datasets/SIDTD/templates/Images/reals/est_id_34.jpg,0,est,reals,id
/home/cboned/Documentos/Projects/SIDTD_Dataset/datasets/SIDTD/templates/Images/fakes/est_id_84_fake_1_99.jpg,1,est,fakes,id
/home/cboned/Documentos/Projects/SIDTD_Dataset/datasets/SIDTD/templates/Images/reals/est_id_26.jpg,0,est,reals,id
/home/cboned/Documentos/Projects/SIDTD_Dataset/datasets/SIDTD/templates/Images/reals/est_id_73.jpg,0,est,reals,id
/home/cboned/Documentos/Projects/SIDTD_Dataset/datasets/SIDTD/templates/Images/reals/est_id_49.jpg,0,est,reals,id
/home/cboned/Documentos/Projects/SIDTD_Dataset/datasets/SIDTD/templates/Images/reals/est_id_47.jpg,0,est,reals,id
/home/cboned/Documentos/Projects/SIDTD_Dataset/datasets/SIDTD/templates/Images/reals/est_id_84.jpg,0,est,reals,id
/home/cboned/Documentos/Projects/SIDTD_Dataset/datasets/SIDTD/templates/Images/reals/est_id_28.jpg,0,est,reals,id
/home/cboned/Documentos/Projects/SIDTD_Dataset/datasets/SIDTD/templates/Images/reals/est_id_14.jpg,0,est,reals,id
/home/cboned/Documentos/Projects/SIDTD_Dataset/datasets/SIDTD/templates/Images/reals/est_id_49.jpg,0,est,reals,id
/home/cboned/Documentos/Projects/SIDTD_Dataset/datasets/SIDTD/templates/Images/fakes/est_id_89_fake_1_153.jpg,1,est,fakes,id
/home/cboned/Documentos/Projects/SIDTD_Dataset/datasets/SIDTD/templates/Images/fakes/est_id_38_fake_1_113.jpg,1,est,fakes,id
/home/cboned/Documentos/Projects/SIDTD_Dataset/datasets/SIDTD/templates/Images/reals/est_id_18.jpg,0,est,reals,id
/home/cboned/Documentos/Projects/SIDTD_Dataset/datasets/SIDTD/templates/Images/reals/est_id_94.jpg,0,est,reals,id
/home/cboned/Documentos/Projects/SIDTD_Dataset/datasets/SIDTD/templates/Images/reals/est_id_35.jpg,0,est,reals,id
/home/cboned/Documentos/Projects/SIDTD_Dataset/datasets/SIDTD/templates/Images/fakes/est_id_30_fake_1_46.jpg,1,est,fakes,id
/home/cboned/Documentos/Projects/SIDTD_Dataset/datasets/SIDTD/templates/Images/fakes/est_id_09_fake_1_189.jpg,1,est,fakes,id
/home/cboned/Documentos/Projects/SIDTD_Dataset/datasets/SIDTD/templates/Images/reals/est_id_86.jpg,0,est,reals,id
/home/cboned/Documentos/Projects/SIDTD_Dataset/datasets/SIDTD/templates/Images/fakes/est_id_15_fake_1_156.jpg,1,est,fakes,id
/home/cboned/Documentos/Projects/SIDTD_Dataset/datasets/SIDTD/templates/Images/reals/est_id_91.jpg,0,est,reals,id
/home/cboned/Documentos/Projects/SIDTD_Dataset/datasets/SIDTD/templates/Images/fakes/est_id_15_fake_1_155.jpg,1,est,fakes,id
/home/cboned/Documentos/Projects/SIDTD_Dataset/datasets/SIDTD/templates/Images/reals/est_id_95.jpg,0,est,reals,id
/home/cboned/Documentos/Projects/SIDTD_Dataset/datasets/SIDTD/templates/Images/reals/est_id_14.jpg,0,est,reals,id
/home/cboned/Documentos/Projects/SIDTD_Dataset/datasets/SIDTD/templates/Images/reals/est_id_54.jpg,0,est,reals,id
/home/cboned/Documentos/Projects/SIDTD_Dataset/datasets/SIDTD/templates/Images/reals/est_id_53.jpg,0,est,reals,id
/home/cboned/Documentos/Projects/SIDTD_Dataset/datasets/SIDTD/templates/Images/reals/est_id_37.jpg,0,est,reals,id
/home/cboned/Documentos/Projects/SIDTD_Dataset/datasets/SIDTD/templates/Images/reals/est_id_74.jpg,0,est,reals,id
/home/cboned/Documentos/Projects/SIDTD_Dataset/datasets/SIDTD/templates/Images/reals/est_id_43.jpg,0,est,reals,id
/home/cboned/Documentos/Projects/SIDTD_Dataset/datasets/SIDTD/templates/Images/fakes/est_id_25_fake_1_161.jpg,1,est,fakes,id
/home/cboned/Documentos/Projects/SIDTD_Dataset/datasets/SIDTD/templates/Images/fakes/est_id_30_fake_1_46.jpg,1,est,fakes,id
/home/cboned/Documentos/Projects/SIDTD_Dataset/datasets/SIDTD/templates/Images/reals/est_id_40.jpg,0,est,reals,id
/home/cboned/Documentos/Projects/SIDTD_Dataset/datasets/SIDTD/templates/Images/reals/est_id_43.jpg,0,est,reals,id
/home/cboned/Documentos/Projects/SIDTD_Dataset/datasets/SIDTD/templates/Images/reals/est_id_46.jpg,0,est,reals,id
/home/cboned/Documentos/Projects/SIDTD_Dataset/datasets/SIDTD/templates/Images/reals/fin_id_17.jpg,0,fin,reals,id
/home/cboned/Documentos/Projects/SIDTD_Dataset/datasets/SIDTD/templates/Images/reals/fin_id_22.jpg,0,fin,reals,id
/home/cboned/Documentos/Projects/SIDTD_Dataset/datasets/SIDTD/templates/Images/reals/fin_id_29.jpg,0,fin,reals,id
/home/cboned/Documentos/Projects/SIDTD_Dataset/datasets/SIDTD/templates/Images/reals/fin_id_27.jpg,0,fin,reals,id
/home/cboned/Documentos/Projects/SIDTD_Dataset/datasets/SIDTD/templates/Images/reals/fin_id_77.jpg,0,fin,reals,id
/home/cboned/Documentos/Projects/SIDTD_Dataset/datasets/SIDTD/templates/Images/reals/fin_id_74.jpg,0,fin,reals,id
/home/cboned/Documentos/Projects/SIDTD_Dataset/datasets/SIDTD/templates/Images/reals/fin_id_61.jpg,0,fin,reals,id
/home/cboned/Documentos/Projects/SIDTD_Dataset/datasets/SIDTD/templates/Images/reals/fin_id_77.jpg,0,fin,reals,id
/home/cboned/Documentos/Projects/SIDTD_Dataset/datasets/SIDTD/templates/Images/reals/fin_id_14.jpg,0,fin,reals,id
/home/cboned/Documentos/Projects/SIDTD_Dataset/datasets/SIDTD/templates/Images/reals/fin_id_95.jpg,0,fin,reals,id
/home/cboned/Documentos/Projects/SIDTD_Dataset/datasets/SIDTD/templates/Images/reals/fin_id_21.jpg,0,fin,reals,id
/home/cboned/Documentos/Projects/SIDTD_Dataset/datasets/SIDTD/templates/Images/reals/fin_id_85.jpg,0,fin,reals,id
/home/cboned/Documentos/Projects/SIDTD_Dataset/datasets/SIDTD/templates/Images/reals/fin_id_50.jpg,0,fin,reals,id
/home/cboned/Documentos/Projects/SIDTD_Dataset/datasets/SIDTD/templates/Images/reals/fin_id_51.jpg,0,fin,reals,id
/home/cboned/Documentos/Projects/SIDTD_Dataset/datasets/SIDTD/templates/Images/reals/fin_id_50.jpg,0,fin,reals,id
/home/cboned/Documentos/Projects/SIDTD_Dataset/datasets/SIDTD/templates/Images/reals/fin_id_90.jpg,0,fin,reals,id
/home/cboned/Documentos/Projects/SIDTD_Dataset/datasets/SIDTD/templates/Images/reals/fin_id_59.jpg,0,fin,reals,id
/home/cboned/Documentos/Projects/SIDTD_Dataset/datasets/SIDTD/templates/Images/reals/fin_id_13.jpg,0,fin,reals,id
/home/cboned/Documentos/Projects/SIDTD_Dataset/datasets/SIDTD/templates/Images/reals/fin_id_27.jpg,0,fin,reals,id
/home/cboned/Documentos/Projects/SIDTD_Dataset/datasets/SIDTD/templates/Images/fakes/fin_id_84_fake_0_38.jpg,1,fin,fakes,id
/home/cboned/Documentos/Projects/SIDTD_Dataset/datasets/SIDTD/templates/Images/reals/fin_id_32.jpg,0,fin,reals,id
/home/cboned/Documentos/Projects/SIDTD_Dataset/datasets/SIDTD/templates/Images/reals/fin_id_41.jpg,0,fin,reals,id
/home/cboned/Documentos/Projects/SIDTD_Dataset/datasets/SIDTD/templates/Images/fakes/fin_id_96_fake_0_144.jpg,1,fin,fakes,id
/home/cboned/Documentos/Projects/SIDTD_Dataset/datasets/SIDTD/templates/Images/reals/fin_id_99.jpg,0,fin,reals,id
/home/cboned/Documentos/Projects/SIDTD_Dataset/datasets/SIDTD/templates/Images/reals/fin_id_97.jpg,0,fin,reals,id
/home/cboned/Documentos/Projects/SIDTD_Dataset/datasets/SIDTD/templates/Images/reals/fin_id_75.jpg,0,fin,reals,id
/home/cboned/Documentos/Projects/SIDTD_Dataset/datasets/SIDTD/templates/Images/reals/fin_id_36.jpg,0,fin,reals,id
/home/cboned/Documentos/Projects/SIDTD_Dataset/datasets/SIDTD/templates/Images/reals/fin_id_10.jpg,0,fin,reals,id
/home/cboned/Documentos/Projects/SIDTD_Dataset/datasets/SIDTD/templates/Images/reals/fin_id_99.jpg,0,fin,reals,id
/home/cboned/Documentos/Projects/SIDTD_Dataset/datasets/SIDTD/templates/Images/reals/fin_id_93.jpg,0,fin,reals,id
/home/cboned/Documentos/Projects/SIDTD_Dataset/datasets/SIDTD/templates/Images/reals/fin_id_35.jpg,0,fin,reals,id
/home/cboned/Documentos/Projects/SIDTD_Dataset/datasets/SIDTD/templates/Images/fakes/fin_id_02_fake_0_97.jpg,1,fin,fakes,id
/home/cboned/Documentos/Projects/SIDTD_Dataset/datasets/SIDTD/templates/Images/reals/fin_id_19.jpg,0,fin,reals,id
/home/cboned/Documentos/Projects/SIDTD_Dataset/datasets/SIDTD/templates/Images/reals/fin_id_03.jpg,0,fin,reals,id
/home/cboned/Documentos/Projects/SIDTD_Dataset/datasets/SIDTD/templates/Images/reals/fin_id_21.jpg,0,fin,reals,id
/home/cboned/Documentos/Projects/SIDTD_Dataset/datasets/SIDTD/templates/Images/reals/fin_id_91.jpg,0,fin,reals,id
/home/cboned/Documentos/Projects/SIDTD_Dataset/datasets/SIDTD/templates/Images/reals/fin_id_03.jpg,0,fin,reals,id
/home/cboned/Documentos/Projects/SIDTD_Dataset/datasets/SIDTD/templates/Images/reals/fin_id_81.jpg,0,fin,reals,id
/home/cboned/Documentos/Projects/SIDTD_Dataset/datasets/SIDTD/templates/Images/reals/fin_id_72.jpg,0,fin,reals,id
/home/cboned/Documentos/Projects/SIDTD_Dataset/datasets/SIDTD/templates/Images/reals/fin_id_59.jpg,0,fin,reals,id
/home/cboned/Documentos/Projects/SIDTD_Dataset/datasets/SIDTD/templates/Images/reals/fin_id_51.jpg,0,fin,reals,id
/home/cboned/Documentos/Projects/SIDTD_Dataset/datasets/SIDTD/templates/Images/reals/fin_id_48.jpg,0,fin,reals,id
/home/cboned/Documentos/Projects/SIDTD_Dataset/datasets/SIDTD/templates/Images/fakes/fin_id_80_fake_0_96.jpg,1,fin,fakes,id
/home/cboned/Documentos/Projects/SIDTD_Dataset/datasets/SIDTD/templates/Images/reals/fin_id_64.jpg,0,fin,reals,id
/home/cboned/Documentos/Projects/SIDTD_Dataset/datasets/SIDTD/templates/Images/reals/fin_id_53.jpg,0,fin,reals,id
/home/cboned/Documentos/Projects/SIDTD_Dataset/datasets/SIDTD/templates/Images/reals/fin_id_69.jpg,0,fin,reals,id
/home/cboned/Documentos/Projects/SIDTD_Dataset/datasets/SIDTD/templates/Images/reals/fin_id_34.jpg,0,fin,reals,id
/home/cboned/Documentos/Projects/SIDTD_Dataset/datasets/SIDTD/templates/Images/reals/fin_id_08.jpg,0,fin,reals,id
/home/cboned/Documentos/Projects/SIDTD_Dataset/datasets/SIDTD/templates/Images/fakes/fin_id_96_fake_0_93.jpg,1,fin,fakes,id
/home/cboned/Documentos/Projects/SIDTD_Dataset/datasets/SIDTD/templates/Images/reals/fin_id_23.jpg,0,fin,reals,id
/home/cboned/Documentos/Projects/SIDTD_Dataset/datasets/SIDTD/templates/Images/reals/fin_id_49.jpg,0,fin,reals,id
/home/cboned/Documentos/Projects/SIDTD_Dataset/datasets/SIDTD/templates/Images/reals/fin_id_58.jpg,0,fin,reals,id
/home/cboned/Documentos/Projects/SIDTD_Dataset/datasets/SIDTD/templates/Images/reals/fin_id_69.jpg,0,fin,reals,id
/home/cboned/Documentos/Projects/SIDTD_Dataset/datasets/SIDTD/templates/Images/reals/fin_id_99.jpg,0,fin,reals,id
/home/cboned/Documentos/Projects/SIDTD_Dataset/datasets/SIDTD/templates/Images/fakes/fin_id_79_fake_0_66.jpg,1,fin,fakes,id
/home/cboned/Documentos/Projects/SIDTD_Dataset/datasets/SIDTD/templates/Images/reals/fin_id_65.jpg,0,fin,reals,id
/home/cboned/Documentos/Projects/SIDTD_Dataset/datasets/SIDTD/templates/Images/reals/fin_id_67.jpg,0,fin,reals,id
/home/cboned/Documentos/Projects/SIDTD_Dataset/datasets/SIDTD/templates/Images/reals/fin_id_75.jpg,0,fin,reals,id
/home/cboned/Documentos/Projects/SIDTD_Dataset/datasets/SIDTD/templates/Images/reals/fin_id_01.jpg,0,fin,reals,id
/home/cboned/Documentos/Projects/SIDTD_Dataset/datasets/SIDTD/templates/Images/reals/fin_id_89.jpg,0,fin,reals,id
/home/cboned/Documentos/Projects/SIDTD_Dataset/datasets/SIDTD/templates/Images/reals/fin_id_99.jpg,0,fin,reals,id
/home/cboned/Documentos/Projects/SIDTD_Dataset/datasets/SIDTD/templates/Images/reals/fin_id_69.jpg,0,fin,reals,id
/home/cboned/Documentos/Projects/SIDTD_Dataset/datasets/SIDTD/templates/Images/reals/fin_id_38.jpg,0,fin,reals,id
/home/cboned/Documentos/Projects/SIDTD_Dataset/datasets/SIDTD/templates/Images/reals/fin_id_11.jpg,0,fin,reals,id
/home/cboned/Documentos/Projects/SIDTD_Dataset/datasets/SIDTD/templates/Images/fakes/fin_id_23_fake_0_81.jpg,1,fin,fakes,id
/home/cboned/Documentos/Projects/SIDTD_Dataset/datasets/SIDTD/templates/Images/reals/fin_id_45.jpg,0,fin,reals,id
/home/cboned/Documentos/Projects/SIDTD_Dataset/datasets/SIDTD/templates/Images/reals/fin_id_38.jpg,0,fin,reals,id
/home/cboned/Documentos/Projects/SIDTD_Dataset/datasets/SIDTD/templates/Images/reals/grc_passport_61.jpg,0,grc,reals,passport
/home/cboned/Documentos/Projects/SIDTD_Dataset/datasets/SIDTD/templates/Images/reals/grc_passport_68.jpg,0,grc,reals,passport
/home/cboned/Documentos/Projects/SIDTD_Dataset/datasets/SIDTD/templates/Images/reals/grc_passport_44.jpg,0,grc,reals,passport
/home/cboned/Documentos/Projects/SIDTD_Dataset/datasets/SIDTD/templates/Images/reals/grc_passport_38.jpg,0,grc,reals,passport
/home/cboned/Documentos/Projects/SIDTD_Dataset/datasets/SIDTD/templates/Images/reals/grc_passport_71.jpg,0,grc,reals,passport
/home/cboned/Documentos/Projects/SIDTD_Dataset/datasets/SIDTD/templates/Images/reals/grc_passport_33.jpg,0,grc,reals,passport
/home/cboned/Documentos/Projects/SIDTD_Dataset/datasets/SIDTD/templates/Images/reals/grc_passport_98.jpg,0,grc,reals,passport
/home/cboned/Documentos/Projects/SIDTD_Dataset/datasets/SIDTD/templates/Images/reals/grc_passport_01.jpg,0,grc,reals,passport
/home/cboned/Documentos/Projects/SIDTD_Dataset/datasets/SIDTD/templates/Images/reals/grc_passport_80.jpg,0,grc,reals,passport
/home/cboned/Documentos/Projects/SIDTD_Dataset/datasets/SIDTD/templates/Images/reals/grc_passport_57.jpg,0,grc,reals,passport
/home/cboned/Documentos/Projects/SIDTD_Dataset/datasets/SIDTD/templates/Images/reals/grc_passport_24.jpg,0,grc,reals,passport
/home/cboned/Documentos/Projects/SIDTD_Dataset/datasets/SIDTD/templates/Images/fakes/grc_passport_38_fake_8_9.jpg,1,grc,fakes,passport
/home/cboned/Documentos/Projects/SIDTD_Dataset/datasets/SIDTD/templates/Images/reals/grc_passport_27.jpg,0,grc,reals,passport
/home/cboned/Documentos/Projects/SIDTD_Dataset/datasets/SIDTD/templates/Images/reals/grc_passport_52.jpg,0,grc,reals,passport
/home/cboned/Documentos/Projects/SIDTD_Dataset/datasets/SIDTD/templates/Images/reals/grc_passport_33.jpg,0,grc,reals,passport
/home/cboned/Documentos/Projects/SIDTD_Dataset/datasets/SIDTD/templates/Images/reals/grc_passport_87.jpg,0,grc,reals,passport
/home/cboned/Documentos/Projects/SIDTD_Dataset/datasets/SIDTD/templates/Images/reals/grc_passport_86.jpg,0,grc,reals,passport
/home/cboned/Documentos/Projects/SIDTD_Dataset/datasets/SIDTD/templates/Images/reals/grc_passport_00.jpg,0,grc,reals,passport
/home/cboned/Documentos/Projects/SIDTD_Dataset/datasets/SIDTD/templates/Images/fakes/grc_passport_29_fake_8_82.jpg,1,grc,fakes,passport
/home/cboned/Documentos/Projects/SIDTD_Dataset/datasets/SIDTD/templates/Images/reals/grc_passport_15.jpg,0,grc,reals,passport
/home/cboned/Documentos/Projects/SIDTD_Dataset/datasets/SIDTD/templates/Images/fakes/grc_passport_79_fake_8_94.jpg,1,grc,fakes,passport
/home/cboned/Documentos/Projects/SIDTD_Dataset/datasets/SIDTD/templates/Images/reals/grc_passport_40.jpg,0,grc,reals,passport
/home/cboned/Documentos/Projects/SIDTD_Dataset/datasets/SIDTD/templates/Images/reals/grc_passport_31.jpg,0,grc,reals,passport
/home/cboned/Documentos/Projects/SIDTD_Dataset/datasets/SIDTD/templates/Images/reals/grc_passport_98.jpg,0,grc,reals,passport
/home/cboned/Documentos/Projects/SIDTD_Dataset/datasets/SIDTD/templates/Images/reals/grc_passport_55.jpg,0,grc,reals,passport
/home/cboned/Documentos/Projects/SIDTD_Dataset/datasets/SIDTD/templates/Images/reals/grc_passport_10.jpg,0,grc,reals,passport
/home/cboned/Documentos/Projects/SIDTD_Dataset/datasets/SIDTD/templates/Images/reals/grc_passport_82.jpg,0,grc,reals,passport
/home/cboned/Documentos/Projects/SIDTD_Dataset/datasets/SIDTD/templates/Images/reals/grc_passport_91.jpg,0,grc,reals,passport
/home/cboned/Documentos/Projects/SIDTD_Dataset/datasets/SIDTD/templates/Images/reals/grc_passport_78.jpg,0,grc,reals,passport
/home/cboned/Documentos/Projects/SIDTD_Dataset/datasets/SIDTD/templates/Images/reals/grc_passport_53.jpg,0,grc,reals,passport
/home/cboned/Documentos/Projects/SIDTD_Dataset/datasets/SIDTD/templates/Images/reals/grc_passport_76.jpg,0,grc,reals,passport
/home/cboned/Documentos/Projects/SIDTD_Dataset/datasets/SIDTD/templates/Images/reals/grc_passport_61.jpg,0,grc,reals,passport
/home/cboned/Documentos/Projects/SIDTD_Dataset/datasets/SIDTD/templates/Images/fakes/grc_passport_67_fake_8_13.jpg,1,grc,fakes,passport
/home/cboned/Documentos/Projects/SIDTD_Dataset/datasets/SIDTD/templates/Images/reals/grc_passport_74.jpg,0,grc,reals,passport
/home/cboned/Documentos/Projects/SIDTD_Dataset/datasets/SIDTD/templates/Images/reals/grc_passport_94.jpg,0,grc,reals,passport
/home/cboned/Documentos/Projects/SIDTD_Dataset/datasets/SIDTD/templates/Images/reals/grc_passport_64.jpg,0,grc,reals,passport
/home/cboned/Documentos/Projects/SIDTD_Dataset/datasets/SIDTD/templates/Images/fakes/grc_passport_80_fake_8_63.jpg,1,grc,fakes,passport
/home/cboned/Documentos/Projects/SIDTD_Dataset/datasets/SIDTD/templates/Images/reals/grc_passport_45.jpg,0,grc,reals,passport
/home/cboned/Documentos/Projects/SIDTD_Dataset/datasets/SIDTD/templates/Images/reals/grc_passport_31.jpg,0,grc,reals,passport
/home/cboned/Documentos/Projects/SIDTD_Dataset/datasets/SIDTD/templates/Images/reals/grc_passport_43.jpg,0,grc,reals,passport
/home/cboned/Documentos/Projects/SIDTD_Dataset/datasets/SIDTD/templates/Images/reals/grc_passport_40.jpg,0,grc,reals,passport
/home/cboned/Documentos/Projects/SIDTD_Dataset/datasets/SIDTD/templates/Images/reals/grc_passport_07.jpg,0,grc,reals,passport
/home/cboned/Documentos/Projects/SIDTD_Dataset/datasets/SIDTD/templates/Images/reals/grc_passport_76.jpg,0,grc,reals,passport
/home/cboned/Documentos/Projects/SIDTD_Dataset/datasets/SIDTD/templates/Images/reals/grc_passport_60.jpg,0,grc,reals,passport
/home/cboned/Documentos/Projects/SIDTD_Dataset/datasets/SIDTD/templates/Images/reals/grc_passport_00.jpg,0,grc,reals,passport
/home/cboned/Documentos/Projects/SIDTD_Dataset/datasets/SIDTD/templates/Images/reals/grc_passport_32.jpg,0,grc,reals,passport
/home/cboned/Documentos/Projects/SIDTD_Dataset/datasets/SIDTD/templates/Images/reals/grc_passport_20.jpg,0,grc,reals,passport
/home/cboned/Documentos/Projects/SIDTD_Dataset/datasets/SIDTD/templates/Images/reals/grc_passport_14.jpg,0,grc,reals,passport
/home/cboned/Documentos/Projects/SIDTD_Dataset/datasets/SIDTD/templates/Images/fakes/grc_passport_20_fake_8_162.jpg,1,grc,fakes,passport
/home/cboned/Documentos/Projects/SIDTD_Dataset/datasets/SIDTD/templates/Images/reals/grc_passport_34.jpg,0,grc,reals,passport
/home/cboned/Documentos/Projects/SIDTD_Dataset/datasets/SIDTD/templates/Images/reals/grc_passport_09.jpg,0,grc,reals,passport
/home/cboned/Documentos/Projects/SIDTD_Dataset/datasets/SIDTD/templates/Images/reals/grc_passport_19.jpg,0,grc,reals,passport
/home/cboned/Documentos/Projects/SIDTD_Dataset/datasets/SIDTD/templates/Images/reals/grc_passport_57.jpg,0,grc,reals,passport
/home/cboned/Documentos/Projects/SIDTD_Dataset/datasets/SIDTD/templates/Images/fakes/grc_passport_33_fake_8_99.jpg,1,grc,fakes,passport
/home/cboned/Documentos/Projects/SIDTD_Dataset/datasets/SIDTD/templates/Images/reals/grc_passport_33.jpg,0,grc,reals,passport
/home/cboned/Documentos/Projects/SIDTD_Dataset/datasets/SIDTD/templates/Images/reals/grc_passport_42.jpg,0,grc,reals,passport
/home/cboned/Documentos/Projects/SIDTD_Dataset/datasets/SIDTD/templates/Images/reals/grc_passport_99.jpg,0,grc,reals,passport
/home/cboned/Documentos/Projects/SIDTD_Dataset/datasets/SIDTD/templates/Images/fakes/grc_passport_53_fake_8_54.jpg,1,grc,fakes,passport
/home/cboned/Documentos/Projects/SIDTD_Dataset/datasets/SIDTD/templates/Images/fakes/grc_passport_19_fake_8_99.jpg,1,grc,fakes,passport
/home/cboned/Documentos/Projects/SIDTD_Dataset/datasets/SIDTD/templates/Images/fakes/grc_passport_24_fake_8_164.jpg,1,grc,fakes,passport
/home/cboned/Documentos/Projects/SIDTD_Dataset/datasets/SIDTD/templates/Images/reals/grc_passport_06.jpg,0,grc,reals,passport
/home/cboned/Documentos/Projects/SIDTD_Dataset/datasets/SIDTD/templates/Images/reals/grc_passport_37.jpg,0,grc,reals,passport
/home/cboned/Documentos/Projects/SIDTD_Dataset/datasets/SIDTD/templates/Images/reals/grc_passport_81.jpg,0,grc,reals,passport
/home/cboned/Documentos/Projects/SIDTD_Dataset/datasets/SIDTD/templates/Images/reals/grc_passport_40.jpg,0,grc,reals,passport
/home/cboned/Documentos/Projects/SIDTD_Dataset/datasets/SIDTD/templates/Images/fakes/grc_passport_24_fake_8_163.jpg,1,grc,fakes,passport
/home/cboned/Documentos/Projects/SIDTD_Dataset/datasets/SIDTD/templates/Images/reals/grc_passport_87.jpg,0,grc,reals,passport
/home/cboned/Documentos/Projects/SIDTD_Dataset/datasets/SIDTD/templates/Images/reals/grc_passport_97.jpg,0,grc,reals,passport
/home/cboned/Documentos/Projects/SIDTD_Dataset/datasets/SIDTD/templates/Images/fakes/grc_passport_68_fake_8_128.jpg,1,grc,fakes,passport
/home/cboned/Documentos/Projects/SIDTD_Dataset/datasets/SIDTD/templates/Images/reals/grc_passport_87.jpg,0,grc,reals,passport
/home/cboned/Documentos/Projects/SIDTD_Dataset/datasets/SIDTD/templates/Images/fakes/grc_passport_14_fake_8_99.jpg,1,grc,fakes,passport
/home/cboned/Documentos/Projects/SIDTD_Dataset/datasets/SIDTD/templates/Images/fakes/grc_passport_83_fake_8_2.jpg,1,grc,fakes,passport
/home/cboned/Documentos/Projects/SIDTD_Dataset/datasets/SIDTD/templates/Images/reals/grc_passport_29.jpg,0,grc,reals,passport
/home/cboned/Documentos/Projects/SIDTD_Dataset/datasets/SIDTD/templates/Images/fakes/grc_passport_61_fake_8_87.jpg,1,grc,fakes,passport
/home/cboned/Documentos/Projects/SIDTD_Dataset/datasets/SIDTD/templates/Images/reals/grc_passport_08.jpg,0,grc,reals,passport
/home/cboned/Documentos/Projects/SIDTD_Dataset/datasets/SIDTD/templates/Images/fakes/grc_passport_35_fake_8_67.jpg,1,grc,fakes,passport
/home/cboned/Documentos/Projects/SIDTD_Dataset/datasets/SIDTD/templates/Images/reals/grc_passport_28.jpg,0,grc,reals,passport
/home/cboned/Documentos/Projects/SIDTD_Dataset/datasets/SIDTD/templates/Images/reals/grc_passport_50.jpg,0,grc,reals,passport
/home/cboned/Documentos/Projects/SIDTD_Dataset/datasets/SIDTD/templates/Images/reals/grc_passport_90.jpg,0,grc,reals,passport
/home/cboned/Documentos/Projects/SIDTD_Dataset/datasets/SIDTD/templates/Images/reals/grc_passport_28.jpg,0,grc,reals,passport
/home/cboned/Documentos/Projects/SIDTD_Dataset/datasets/SIDTD/templates/Images/reals/grc_passport_41.jpg,0,grc,reals,passport
/home/cboned/Documentos/Projects/SIDTD_Dataset/datasets/SIDTD/templates/Images/reals/grc_passport_57.jpg,0,grc,reals,passport
/home/cboned/Documentos/Projects/SIDTD_Dataset/datasets/SIDTD/templates/Images/fakes/grc_passport_55_fake_8_99.jpg,1,grc,fakes,passport
/home/cboned/Documentos/Projects/SIDTD_Dataset/datasets/SIDTD/templates/Images/reals/grc_passport_43.jpg,0,grc,reals,passport
/home/cboned/Documentos/Projects/SIDTD_Dataset/datasets/SIDTD/templates/Images/reals/grc_passport_56.jpg,0,grc,reals,passport
/home/cboned/Documentos/Projects/SIDTD_Dataset/datasets/SIDTD/templates/Images/reals/grc_passport_43.jpg,0,grc,reals,passport
/home/cboned/Documentos/Projects/SIDTD_Dataset/datasets/SIDTD/templates/Images/reals/grc_passport_26.jpg,0,grc,reals,passport
/home/cboned/Documentos/Projects/SIDTD_Dataset/datasets/SIDTD/templates/Images/reals/grc_passport_88.jpg,0,grc,reals,passport
/home/cboned/Documentos/Projects/SIDTD_Dataset/datasets/SIDTD/templates/Images/reals/grc_passport_57.jpg,0,grc,reals,passport
/home/cboned/Documentos/Projects/SIDTD_Dataset/datasets/SIDTD/templates/Images/reals/grc_passport_47.jpg,0,grc,reals,passport
/home/cboned/Documentos/Projects/SIDTD_Dataset/datasets/SIDTD/templates/Images/reals/grc_passport_41.jpg,0,grc,reals,passport
/home/cboned/Documentos/Projects/SIDTD_Dataset/datasets/SIDTD/templates/Images/reals/grc_passport_12.jpg,0,grc,reals,passport
/home/cboned/Documentos/Projects/SIDTD_Dataset/datasets/SIDTD/templates/Images/reals/grc_passport_46.jpg,0,grc,reals,passport
/home/cboned/Documentos/Projects/SIDTD_Dataset/datasets/SIDTD/templates/Images/reals/lva_passport_22.jpg,0,lva,reals,passport
/home/cboned/Documentos/Projects/SIDTD_Dataset/datasets/SIDTD/templates/Images/reals/lva_passport_49.jpg,0,lva,reals,passport
/home/cboned/Documentos/Projects/SIDTD_Dataset/datasets/SIDTD/templates/Images/reals/lva_passport_45.jpg,0,lva,reals,passport
/home/cboned/Documentos/Projects/SIDTD_Dataset/datasets/SIDTD/templates/Images/fakes/lva_passport_04_fake_3_83.jpg,1,lva,fakes,passport
/home/cboned/Documentos/Projects/SIDTD_Dataset/datasets/SIDTD/templates/Images/reals/lva_passport_52.jpg,0,lva,reals,passport
/home/cboned/Documentos/Projects/SIDTD_Dataset/datasets/SIDTD/templates/Images/reals/lva_passport_24.jpg,0,lva,reals,passport
/home/cboned/Documentos/Projects/SIDTD_Dataset/datasets/SIDTD/templates/Images/reals/lva_passport_06.jpg,0,lva,reals,passport
/home/cboned/Documentos/Projects/SIDTD_Dataset/datasets/SIDTD/templates/Images/reals/lva_passport_22.jpg,0,lva,reals,passport
/home/cboned/Documentos/Projects/SIDTD_Dataset/datasets/SIDTD/templates/Images/reals/lva_passport_20.jpg,0,lva,reals,passport
/home/cboned/Documentos/Projects/SIDTD_Dataset/datasets/SIDTD/templates/Images/reals/lva_passport_99.jpg,0,lva,reals,passport
/home/cboned/Documentos/Projects/SIDTD_Dataset/datasets/SIDTD/templates/Images/reals/lva_passport_10.jpg,0,lva,reals,passport
/home/cboned/Documentos/Projects/SIDTD_Dataset/datasets/SIDTD/templates/Images/reals/lva_passport_14.jpg,0,lva,reals,passport
/home/cboned/Documentos/Projects/SIDTD_Dataset/datasets/SIDTD/templates/Images/reals/lva_passport_44.jpg,0,lva,reals,passport
/home/cboned/Documentos/Projects/SIDTD_Dataset/datasets/SIDTD/templates/Images/reals/lva_passport_31.jpg,0,lva,reals,passport
/home/cboned/Documentos/Projects/SIDTD_Dataset/datasets/SIDTD/templates/Images/reals/lva_passport_58.jpg,0,lva,reals,passport
/home/cboned/Documentos/Projects/SIDTD_Dataset/datasets/SIDTD/templates/Images/reals/lva_passport_80.jpg,0,lva,reals,passport
/home/cboned/Documentos/Projects/SIDTD_Dataset/datasets/SIDTD/templates/Images/reals/lva_passport_22.jpg,0,lva,reals,passport
/home/cboned/Documentos/Projects/SIDTD_Dataset/datasets/SIDTD/templates/Images/reals/lva_passport_30.jpg,0,lva,reals,passport
/home/cboned/Documentos/Projects/SIDTD_Dataset/datasets/SIDTD/templates/Images/reals/lva_passport_19.jpg,0,lva,reals,passport
/home/cboned/Documentos/Projects/SIDTD_Dataset/datasets/SIDTD/templates/Images/fakes/lva_passport_59_fake_3_119.jpg,1,lva,fakes,passport
/home/cboned/Documentos/Projects/SIDTD_Dataset/datasets/SIDTD/templates/Images/reals/lva_passport_77.jpg,0,lva,reals,passport
/home/cboned/Documentos/Projects/SIDTD_Dataset/datasets/SIDTD/templates/Images/fakes/lva_passport_37_fake_3_47.jpg,1,lva,fakes,passport
/home/cboned/Documentos/Projects/SIDTD_Dataset/datasets/SIDTD/templates/Images/reals/lva_passport_13.jpg,0,lva,reals,passport
/home/cboned/Documentos/Projects/SIDTD_Dataset/datasets/SIDTD/templates/Images/reals/lva_passport_79.jpg,0,lva,reals,passport
/home/cboned/Documentos/Projects/SIDTD_Dataset/datasets/SIDTD/templates/Images/reals/lva_passport_03.jpg,0,lva,reals,passport
/home/cboned/Documentos/Projects/SIDTD_Dataset/datasets/SIDTD/templates/Images/reals/lva_passport_34.jpg,0,lva,reals,passport
/home/cboned/Documentos/Projects/SIDTD_Dataset/datasets/SIDTD/templates/Images/fakes/lva_passport_90_fake_3_55.jpg,1,lva,fakes,passport
/home/cboned/Documentos/Projects/SIDTD_Dataset/datasets/SIDTD/templates/Images/reals/lva_passport_54.jpg,0,lva,reals,passport
/home/cboned/Documentos/Projects/SIDTD_Dataset/datasets/SIDTD/templates/Images/fakes/lva_passport_98_fake_3_61.jpg,1,lva,fakes,passport
/home/cboned/Documentos/Projects/SIDTD_Dataset/datasets/SIDTD/templates/Images/fakes/lva_passport_46_fake_3_17.jpg,1,lva,fakes,passport
/home/cboned/Documentos/Projects/SIDTD_Dataset/datasets/SIDTD/templates/Images/fakes/lva_passport_22_fake_3_99.jpg,1,lva,fakes,passport
/home/cboned/Documentos/Projects/SIDTD_Dataset/datasets/SIDTD/templates/Images/reals/lva_passport_26.jpg,0,lva,reals,passport
/home/cboned/Documentos/Projects/SIDTD_Dataset/datasets/SIDTD/templates/Images/reals/lva_passport_31.jpg,0,lva,reals,passport
/home/cboned/Documentos/Projects/SIDTD_Dataset/datasets/SIDTD/templates/Images/reals/lva_passport_70.jpg,0,lva,reals,passport
/home/cboned/Documentos/Projects/SIDTD_Dataset/datasets/SIDTD/templates/Images/reals/lva_passport_52.jpg,0,lva,reals,passport
/home/cboned/Documentos/Projects/SIDTD_Dataset/datasets/SIDTD/templates/Images/reals/lva_passport_60.jpg,0,lva,reals,passport
/home/cboned/Documentos/Projects/SIDTD_Dataset/datasets/SIDTD/templates/Images/reals/lva_passport_69.jpg,0,lva,reals,passport
/home/cboned/Documentos/Projects/SIDTD_Dataset/datasets/SIDTD/templates/Images/reals/lva_passport_98.jpg,0,lva,reals,passport
/home/cboned/Documentos/Projects/SIDTD_Dataset/datasets/SIDTD/templates/Images/reals/lva_passport_84.jpg,0,lva,reals,passport
/home/cboned/Documentos/Projects/SIDTD_Dataset/datasets/SIDTD/templates/Images/reals/lva_passport_99.jpg,0,lva,reals,passport
/home/cboned/Documentos/Projects/SIDTD_Dataset/datasets/SIDTD/templates/Images/reals/lva_passport_04.jpg,0,lva,reals,passport
/home/cboned/Documentos/Projects/SIDTD_Dataset/datasets/SIDTD/templates/Images/reals/lva_passport_08.jpg,0,lva,reals,passport
/home/cboned/Documentos/Projects/SIDTD_Dataset/datasets/SIDTD/templates/Images/reals/lva_passport_49.jpg,0,lva,reals,passport
/home/cboned/Documentos/Projects/SIDTD_Dataset/datasets/SIDTD/templates/Images/reals/lva_passport_26.jpg,0,lva,reals,passport
/home/cboned/Documentos/Projects/SIDTD_Dataset/datasets/SIDTD/templates/Images/reals/lva_passport_14.jpg,0,lva,reals,passport
/home/cboned/Documentos/Projects/SIDTD_Dataset/datasets/SIDTD/templates/Images/reals/lva_passport_07.jpg,0,lva,reals,passport
/home/cboned/Documentos/Projects/SIDTD_Dataset/datasets/SIDTD/templates/Images/fakes/lva_passport_51_fake_3_25.jpg,1,lva,fakes,passport
/home/cboned/Documentos/Projects/SIDTD_Dataset/datasets/SIDTD/templates/Images/reals/lva_passport_42.jpg,0,lva,reals,passport
/home/cboned/Documentos/Projects/SIDTD_Dataset/datasets/SIDTD/templates/Images/reals/lva_passport_22.jpg,0,lva,reals,passport
/home/cboned/Documentos/Projects/SIDTD_Dataset/datasets/SIDTD/templates/Images/reals/lva_passport_68.jpg,0,lva,reals,passport
/home/cboned/Documentos/Projects/SIDTD_Dataset/datasets/SIDTD/templates/Images/reals/lva_passport_10.jpg,0,lva,reals,passport
/home/cboned/Documentos/Projects/SIDTD_Dataset/datasets/SIDTD/templates/Images/reals/lva_passport_62.jpg,0,lva,reals,passport
/home/cboned/Documentos/Projects/SIDTD_Dataset/datasets/SIDTD/templates/Images/reals/lva_passport_54.jpg,0,lva,reals,passport
/home/cboned/Documentos/Projects/SIDTD_Dataset/datasets/SIDTD/templates/Images/fakes/lva_passport_29_fake_3_144.jpg,1,lva,fakes,passport
/home/cboned/Documentos/Projects/SIDTD_Dataset/datasets/SIDTD/templates/Images/reals/lva_passport_19.jpg,0,lva,reals,passport
/home/cboned/Documentos/Projects/SIDTD_Dataset/datasets/SIDTD/templates/Images/reals/lva_passport_95.jpg,0,lva,reals,passport
/home/cboned/Documentos/Projects/SIDTD_Dataset/datasets/SIDTD/templates/Images/reals/lva_passport_83.jpg,0,lva,reals,passport
/home/cboned/Documentos/Projects/SIDTD_Dataset/datasets/SIDTD/templates/Images/reals/lva_passport_49.jpg,0,lva,reals,passport
/home/cboned/Documentos/Projects/SIDTD_Dataset/datasets/SIDTD/templates/Images/fakes/lva_passport_72_fake_3_99.jpg,1,lva,fakes,passport
/home/cboned/Documentos/Projects/SIDTD_Dataset/datasets/SIDTD/templates/Images/reals/lva_passport_07.jpg,0,lva,reals,passport
/home/cboned/Documentos/Projects/SIDTD_Dataset/datasets/SIDTD/templates/Images/fakes/lva_passport_17_fake_3_185.jpg,1,lva,fakes,passport
/home/cboned/Documentos/Projects/SIDTD_Dataset/datasets/SIDTD/templates/Images/reals/lva_passport_58.jpg,0,lva,reals,passport
/home/cboned/Documentos/Projects/SIDTD_Dataset/datasets/SIDTD/templates/Images/reals/lva_passport_55.jpg,0,lva,reals,passport
/home/cboned/Documentos/Projects/SIDTD_Dataset/datasets/SIDTD/templates/Images/fakes/lva_passport_96_fake_3_70.jpg,1,lva,fakes,passport
/home/cboned/Documentos/Projects/SIDTD_Dataset/datasets/SIDTD/templates/Images/reals/lva_passport_18.jpg,0,lva,reals,passport
/home/cboned/Documentos/Projects/SIDTD_Dataset/datasets/SIDTD/templates/Images/reals/lva_passport_55.jpg,0,lva,reals,passport
/home/cboned/Documentos/Projects/SIDTD_Dataset/datasets/SIDTD/templates/Images/reals/lva_passport_58.jpg,0,lva,reals,passport
/home/cboned/Documentos/Projects/SIDTD_Dataset/datasets/SIDTD/templates/Images/reals/lva_passport_70.jpg,0,lva,reals,passport
/home/cboned/Documentos/Projects/SIDTD_Dataset/datasets/SIDTD/templates/Images/reals/lva_passport_97.jpg,0,lva,reals,passport
/home/cboned/Documentos/Projects/SIDTD_Dataset/datasets/SIDTD/templates/Images/reals/lva_passport_07.jpg,0,lva,reals,passport
/home/cboned/Documentos/Projects/SIDTD_Dataset/datasets/SIDTD/templates/Images/reals/lva_passport_90.jpg,0,lva,reals,passport
/home/cboned/Documentos/Projects/SIDTD_Dataset/datasets/SIDTD/templates/Images/reals/lva_passport_48.jpg,0,lva,reals,passport
/home/cboned/Documentos/Projects/SIDTD_Dataset/datasets/SIDTD/templates/Images/reals/lva_passport_33.jpg,0,lva,reals,passport
/home/cboned/Documentos/Projects/SIDTD_Dataset/datasets/SIDTD/templates/Images/reals/lva_passport_79.jpg,0,lva,reals,passport
/home/cboned/Documentos/Projects/SIDTD_Dataset/datasets/SIDTD/templates/Images/reals/lva_passport_50.jpg,0,lva,reals,passport
/home/cboned/Documentos/Projects/SIDTD_Dataset/datasets/SIDTD/templates/Images/reals/lva_passport_67.jpg,0,lva,reals,passport
/home/cboned/Documentos/Projects/SIDTD_Dataset/datasets/SIDTD/templates/Images/reals/lva_passport_09.jpg,0,lva,reals,passport
/home/cboned/Documentos/Projects/SIDTD_Dataset/datasets/SIDTD/templates/Images/reals/rus_internalpassport_97.jpg,0,rus,reals,passport
/home/cboned/Documentos/Projects/SIDTD_Dataset/datasets/SIDTD/templates/Images/reals/rus_internalpassport_90.jpg,0,rus,reals,passport
/home/cboned/Documentos/Projects/SIDTD_Dataset/datasets/SIDTD/templates/Images/reals/rus_internalpassport_19.jpg,0,rus,reals,passport
/home/cboned/Documentos/Projects/SIDTD_Dataset/datasets/SIDTD/templates/Images/reals/rus_internalpassport_86.jpg,0,rus,reals,passport
/home/cboned/Documentos/Projects/SIDTD_Dataset/datasets/SIDTD/templates/Images/fakes/rus_internalpassport_89_fake_6_139.jpg,1,rus,fakes,passport
/home/cboned/Documentos/Projects/SIDTD_Dataset/datasets/SIDTD/templates/Images/reals/rus_internalpassport_69.jpg,0,rus,reals,passport
/home/cboned/Documentos/Projects/SIDTD_Dataset/datasets/SIDTD/templates/Images/reals/rus_internalpassport_25.jpg,0,rus,reals,passport
/home/cboned/Documentos/Projects/SIDTD_Dataset/datasets/SIDTD/templates/Images/fakes/rus_internalpassport_37_fake_6_8.jpg,1,rus,fakes,passport
/home/cboned/Documentos/Projects/SIDTD_Dataset/datasets/SIDTD/templates/Images/reals/rus_internalpassport_62.jpg,0,rus,reals,passport
/home/cboned/Documentos/Projects/SIDTD_Dataset/datasets/SIDTD/templates/Images/fakes/rus_internalpassport_20_fake_6_79.jpg,1,rus,fakes,passport
/home/cboned/Documentos/Projects/SIDTD_Dataset/datasets/SIDTD/templates/Images/reals/rus_internalpassport_33.jpg,0,rus,reals,passport
/home/cboned/Documentos/Projects/SIDTD_Dataset/datasets/SIDTD/templates/Images/reals/rus_internalpassport_07.jpg,0,rus,reals,passport
/home/cboned/Documentos/Projects/SIDTD_Dataset/datasets/SIDTD/templates/Images/fakes/rus_internalpassport_15_fake_6_155.jpg,1,rus,fakes,passport
/home/cboned/Documentos/Projects/SIDTD_Dataset/datasets/SIDTD/templates/Images/reals/rus_internalpassport_38.jpg,0,rus,reals,passport
/home/cboned/Documentos/Projects/SIDTD_Dataset/datasets/SIDTD/templates/Images/reals/rus_internalpassport_88.jpg,0,rus,reals,passport
/home/cboned/Documentos/Projects/SIDTD_Dataset/datasets/SIDTD/templates/Images/reals/rus_internalpassport_76.jpg,0,rus,reals,passport
/home/cboned/Documentos/Projects/SIDTD_Dataset/datasets/SIDTD/templates/Images/reals/rus_internalpassport_66.jpg,0,rus,reals,passport
/home/cboned/Documentos/Projects/SIDTD_Dataset/datasets/SIDTD/templates/Images/reals/rus_internalpassport_32.jpg,0,rus,reals,passport
/home/cboned/Documentos/Projects/SIDTD_Dataset/datasets/SIDTD/templates/Images/reals/rus_internalpassport_80.jpg,0,rus,reals,passport
/home/cboned/Documentos/Projects/SIDTD_Dataset/datasets/SIDTD/templates/Images/reals/rus_internalpassport_99.jpg,0,rus,reals,passport
/home/cboned/Documentos/Projects/SIDTD_Dataset/datasets/SIDTD/templates/Images/reals/rus_internalpassport_78.jpg,0,rus,reals,passport
/home/cboned/Documentos/Projects/SIDTD_Dataset/datasets/SIDTD/templates/Images/reals/rus_internalpassport_92.jpg,0,rus,reals,passport
/home/cboned/Documentos/Projects/SIDTD_Dataset/datasets/SIDTD/templates/Images/reals/rus_internalpassport_13.jpg,0,rus,reals,passport
/home/cboned/Documentos/Projects/SIDTD_Dataset/datasets/SIDTD/templates/Images/reals/rus_internalpassport_72.jpg,0,rus,reals,passport
/home/cboned/Documentos/Projects/SIDTD_Dataset/datasets/SIDTD/templates/Images/reals/rus_internalpassport_97.jpg,0,rus,reals,passport
/home/cboned/Documentos/Projects/SIDTD_Dataset/datasets/SIDTD/templates/Images/reals/rus_internalpassport_30.jpg,0,rus,reals,passport
/home/cboned/Documentos/Projects/SIDTD_Dataset/datasets/SIDTD/templates/Images/reals/rus_internalpassport_96.jpg,0,rus,reals,passport
/home/cboned/Documentos/Projects/SIDTD_Dataset/datasets/SIDTD/templates/Images/fakes/rus_internalpassport_64_fake_6_99.jpg,1,rus,fakes,passport
/home/cboned/Documentos/Projects/SIDTD_Dataset/datasets/SIDTD/templates/Images/reals/rus_internalpassport_72.jpg,0,rus,reals,passport
/home/cboned/Documentos/Projects/SIDTD_Dataset/datasets/SIDTD/templates/Images/fakes/rus_internalpassport_68_fake_6_6.jpg,1,rus,fakes,passport
/home/cboned/Documentos/Projects/SIDTD_Dataset/datasets/SIDTD/templates/Images/reals/rus_internalpassport_31.jpg,0,rus,reals,passport
/home/cboned/Documentos/Projects/SIDTD_Dataset/datasets/SIDTD/templates/Images/reals/rus_internalpassport_93.jpg,0,rus,reals,passport
/home/cboned/Documentos/Projects/SIDTD_Dataset/datasets/SIDTD/templates/Images/reals/rus_internalpassport_62.jpg,0,rus,reals,passport
/home/cboned/Documentos/Projects/SIDTD_Dataset/datasets/SIDTD/templates/Images/reals/rus_internalpassport_97.jpg,0,rus,reals,passport
/home/cboned/Documentos/Projects/SIDTD_Dataset/datasets/SIDTD/templates/Images/reals/rus_internalpassport_88.jpg,0,rus,reals,passport
/home/cboned/Documentos/Projects/SIDTD_Dataset/datasets/SIDTD/templates/Images/reals/rus_internalpassport_78.jpg,0,rus,reals,passport
/home/cboned/Documentos/Projects/SIDTD_Dataset/datasets/SIDTD/templates/Images/reals/rus_internalpassport_67.jpg,0,rus,reals,passport
/home/cboned/Documentos/Projects/SIDTD_Dataset/datasets/SIDTD/templates/Images/reals/rus_internalpassport_78.jpg,0,rus,reals,passport
/home/cboned/Documentos/Projects/SIDTD_Dataset/datasets/SIDTD/templates/Images/reals/rus_internalpassport_16.jpg,0,rus,reals,passport
/home/cboned/Documentos/Projects/SIDTD_Dataset/datasets/SIDTD/templates/Images/reals/rus_internalpassport_52.jpg,0,rus,reals,passport
/home/cboned/Documentos/Projects/SIDTD_Dataset/datasets/SIDTD/templates/Images/fakes/rus_internalpassport_56_fake_6_99.jpg,1,rus,fakes,passport
/home/cboned/Documentos/Projects/SIDTD_Dataset/datasets/SIDTD/templates/Images/reals/rus_internalpassport_92.jpg,0,rus,reals,passport
/home/cboned/Documentos/Projects/SIDTD_Dataset/datasets/SIDTD/templates/Images/reals/rus_internalpassport_81.jpg,0,rus,reals,passport
/home/cboned/Documentos/Projects/SIDTD_Dataset/datasets/SIDTD/templates/Images/reals/rus_internalpassport_72.jpg,0,rus,reals,passport
/home/cboned/Documentos/Projects/SIDTD_Dataset/datasets/SIDTD/templates/Images/fakes/rus_internalpassport_37_fake_6_99.jpg,1,rus,fakes,passport
/home/cboned/Documentos/Projects/SIDTD_Dataset/datasets/SIDTD/templates/Images/reals/rus_internalpassport_10.jpg,0,rus,reals,passport
/home/cboned/Documentos/Projects/SIDTD_Dataset/datasets/SIDTD/templates/Images/fakes/rus_internalpassport_37_fake_6_8.jpg,1,rus,fakes,passport
/home/cboned/Documentos/Projects/SIDTD_Dataset/datasets/SIDTD/templates/Images/reals/rus_internalpassport_64.jpg,0,rus,reals,passport
/home/cboned/Documentos/Projects/SIDTD_Dataset/datasets/SIDTD/templates/Images/reals/rus_internalpassport_80.jpg,0,rus,reals,passport
/home/cboned/Documentos/Projects/SIDTD_Dataset/datasets/SIDTD/templates/Images/reals/rus_internalpassport_74.jpg,0,rus,reals,passport
/home/cboned/Documentos/Projects/SIDTD_Dataset/datasets/SIDTD/templates/Images/reals/rus_internalpassport_10.jpg,0,rus,reals,passport
/home/cboned/Documentos/Projects/SIDTD_Dataset/datasets/SIDTD/templates/Images/reals/rus_internalpassport_58.jpg,0,rus,reals,passport
/home/cboned/Documentos/Projects/SIDTD_Dataset/datasets/SIDTD/templates/Images/reals/rus_internalpassport_28.jpg,0,rus,reals,passport
/home/cboned/Documentos/Projects/SIDTD_Dataset/datasets/SIDTD/templates/Images/reals/rus_internalpassport_27.jpg,0,rus,reals,passport
/home/cboned/Documentos/Projects/SIDTD_Dataset/datasets/SIDTD/templates/Images/reals/rus_internalpassport_24.jpg,0,rus,reals,passport
/home/cboned/Documentos/Projects/SIDTD_Dataset/datasets/SIDTD/templates/Images/reals/rus_internalpassport_14.jpg,0,rus,reals,passport
/home/cboned/Documentos/Projects/SIDTD_Dataset/datasets/SIDTD/templates/Images/reals/rus_internalpassport_32.jpg,0,rus,reals,passport
/home/cboned/Documentos/Projects/SIDTD_Dataset/datasets/SIDTD/templates/Images/fakes/rus_internalpassport_19_fake_6_41.jpg,1,rus,fakes,passport
/home/cboned/Documentos/Projects/SIDTD_Dataset/datasets/SIDTD/templates/Images/reals/rus_internalpassport_18.jpg,0,rus,reals,passport
/home/cboned/Documentos/Projects/SIDTD_Dataset/datasets/SIDTD/templates/Images/reals/rus_internalpassport_42.jpg,0,rus,reals,passport
/home/cboned/Documentos/Projects/SIDTD_Dataset/datasets/SIDTD/templates/Images/reals/rus_internalpassport_33.jpg,0,rus,reals,passport
/home/cboned/Documentos/Projects/SIDTD_Dataset/datasets/SIDTD/templates/Images/reals/rus_internalpassport_03.jpg,0,rus,reals,passport
/home/cboned/Documentos/Projects/SIDTD_Dataset/datasets/SIDTD/templates/Images/reals/rus_internalpassport_42.jpg,0,rus,reals,passport
/home/cboned/Documentos/Projects/SIDTD_Dataset/datasets/SIDTD/templates/Images/reals/rus_internalpassport_40.jpg,0,rus,reals,passport
/home/cboned/Documentos/Projects/SIDTD_Dataset/datasets/SIDTD/templates/Images/fakes/rus_internalpassport_69_fake_6_159.jpg,1,rus,fakes,passport
/home/cboned/Documentos/Projects/SIDTD_Dataset/datasets/SIDTD/templates/Images/reals/rus_internalpassport_04.jpg,0,rus,reals,passport
/home/cboned/Documentos/Projects/SIDTD_Dataset/datasets/SIDTD/templates/Images/reals/rus_internalpassport_94.jpg,0,rus,reals,passport
/home/cboned/Documentos/Projects/SIDTD_Dataset/datasets/SIDTD/templates/Images/reals/rus_internalpassport_70.jpg,0,rus,reals,passport
/home/cboned/Documentos/Projects/SIDTD_Dataset/datasets/SIDTD/templates/Images/reals/rus_internalpassport_95.jpg,0,rus,reals,passport
/home/cboned/Documentos/Projects/SIDTD_Dataset/datasets/SIDTD/templates/Images/reals/rus_internalpassport_21.jpg,0,rus,reals,passport
/home/cboned/Documentos/Projects/SIDTD_Dataset/datasets/SIDTD/templates/Images/reals/rus_internalpassport_10.jpg,0,rus,reals,passport
/home/cboned/Documentos/Projects/SIDTD_Dataset/datasets/SIDTD/templates/Images/fakes/rus_internalpassport_38_fake_6_99.jpg,1,rus,fakes,passport
/home/cboned/Documentos/Projects/SIDTD_Dataset/datasets/SIDTD/templates/Images/reals/rus_internalpassport_91.jpg,0,rus,reals,passport
/home/cboned/Documentos/Projects/SIDTD_Dataset/datasets/SIDTD/templates/Images/reals/rus_internalpassport_12.jpg,0,rus,reals,passport
/home/cboned/Documentos/Projects/SIDTD_Dataset/datasets/SIDTD/templates/Images/reals/srb_passport_62.jpg,0,srb,reals,passport
/home/cboned/Documentos/Projects/SIDTD_Dataset/datasets/SIDTD/templates/Images/reals/srb_passport_63.jpg,0,srb,reals,passport
/home/cboned/Documentos/Projects/SIDTD_Dataset/datasets/SIDTD/templates/Images/reals/srb_passport_82.jpg,0,srb,reals,passport
/home/cboned/Documentos/Projects/SIDTD_Dataset/datasets/SIDTD/templates/Images/reals/srb_passport_91.jpg,0,srb,reals,passport
/home/cboned/Documentos/Projects/SIDTD_Dataset/datasets/SIDTD/templates/Images/reals/srb_passport_60.jpg,0,srb,reals,passport
/home/cboned/Documentos/Projects/SIDTD_Dataset/datasets/SIDTD/templates/Images/reals/srb_passport_76.jpg,0,srb,reals,passport
/home/cboned/Documentos/Projects/SIDTD_Dataset/datasets/SIDTD/templates/Images/reals/srb_passport_51.jpg,0,srb,reals,passport
/home/cboned/Documentos/Projects/SIDTD_Dataset/datasets/SIDTD/templates/Images/reals/srb_passport_45.jpg,0,srb,reals,passport
/home/cboned/Documentos/Projects/SIDTD_Dataset/datasets/SIDTD/templates/Images/reals/srb_passport_57.jpg,0,srb,reals,passport
/home/cboned/Documentos/Projects/SIDTD_Dataset/datasets/SIDTD/templates/Images/reals/srb_passport_46.jpg,0,srb,reals,passport
/home/cboned/Documentos/Projects/SIDTD_Dataset/datasets/SIDTD/templates/Images/reals/srb_passport_65.jpg,0,srb,reals,passport
/home/cboned/Documentos/Projects/SIDTD_Dataset/datasets/SIDTD/templates/Images/fakes/srb_passport_66_fake_2_74.jpg,1,srb,fakes,passport
/home/cboned/Documentos/Projects/SIDTD_Dataset/datasets/SIDTD/templates/Images/reals/srb_passport_30.jpg,0,srb,reals,passport
/home/cboned/Documentos/Projects/SIDTD_Dataset/datasets/SIDTD/templates/Images/reals/srb_passport_36.jpg,0,srb,reals,passport
/home/cboned/Documentos/Projects/SIDTD_Dataset/datasets/SIDTD/templates/Images/reals/srb_passport_86.jpg,0,srb,reals,passport
/home/cboned/Documentos/Projects/SIDTD_Dataset/datasets/SIDTD/templates/Images/reals/srb_passport_71.jpg,0,srb,reals,passport
/home/cboned/Documentos/Projects/SIDTD_Dataset/datasets/SIDTD/templates/Images/reals/srb_passport_62.jpg,0,srb,reals,passport
/home/cboned/Documentos/Projects/SIDTD_Dataset/datasets/SIDTD/templates/Images/reals/srb_passport_65.jpg,0,srb,reals,passport
/home/cboned/Documentos/Projects/SIDTD_Dataset/datasets/SIDTD/templates/Images/reals/srb_passport_57.jpg,0,srb,reals,passport
/home/cboned/Documentos/Projects/SIDTD_Dataset/datasets/SIDTD/templates/Images/fakes/srb_passport_57_fake_2_54.jpg,1,srb,fakes,passport
/home/cboned/Documentos/Projects/SIDTD_Dataset/datasets/SIDTD/templates/Images/reals/srb_passport_78.jpg,0,srb,reals,passport
/home/cboned/Documentos/Projects/SIDTD_Dataset/datasets/SIDTD/templates/Images/fakes/srb_passport_77_fake_2_105.jpg,1,srb,fakes,passport
/home/cboned/Documentos/Projects/SIDTD_Dataset/datasets/SIDTD/templates/Images/reals/srb_passport_19.jpg,0,srb,reals,passport
/home/cboned/Documentos/Projects/SIDTD_Dataset/datasets/SIDTD/templates/Images/reals/srb_passport_32.jpg,0,srb,reals,passport
/home/cboned/Documentos/Projects/SIDTD_Dataset/datasets/SIDTD/templates/Images/fakes/srb_passport_57_fake_2_54.jpg,1,srb,fakes,passport
/home/cboned/Documentos/Projects/SIDTD_Dataset/datasets/SIDTD/templates/Images/fakes/srb_passport_88_fake_2_186.jpg,1,srb,fakes,passport
/home/cboned/Documentos/Projects/SIDTD_Dataset/datasets/SIDTD/templates/Images/reals/srb_passport_35.jpg,0,srb,reals,passport
/home/cboned/Documentos/Projects/SIDTD_Dataset/datasets/SIDTD/templates/Images/reals/srb_passport_78.jpg,0,srb,reals,passport
/home/cboned/Documentos/Projects/SIDTD_Dataset/datasets/SIDTD/templates/Images/reals/srb_passport_99.jpg,0,srb,reals,passport
/home/cboned/Documentos/Projects/SIDTD_Dataset/datasets/SIDTD/templates/Images/reals/srb_passport_52.jpg,0,srb,reals,passport
/home/cboned/Documentos/Projects/SIDTD_Dataset/datasets/SIDTD/templates/Images/reals/srb_passport_85.jpg,0,srb,reals,passport
/home/cboned/Documentos/Projects/SIDTD_Dataset/datasets/SIDTD/templates/Images/reals/srb_passport_10.jpg,0,srb,reals,passport
/home/cboned/Documentos/Projects/SIDTD_Dataset/datasets/SIDTD/templates/Images/reals/srb_passport_29.jpg,0,srb,reals,passport
/home/cboned/Documentos/Projects/SIDTD_Dataset/datasets/SIDTD/templates/Images/fakes/srb_passport_90_fake_2_129.jpg,1,srb,fakes,passport
/home/cboned/Documentos/Projects/SIDTD_Dataset/datasets/SIDTD/templates/Images/fakes/srb_passport_03_fake_2_99.jpg,1,srb,fakes,passport
/home/cboned/Documentos/Projects/SIDTD_Dataset/datasets/SIDTD/templates/Images/reals/srb_passport_89.jpg,0,srb,reals,passport
/home/cboned/Documentos/Projects/SIDTD_Dataset/datasets/SIDTD/templates/Images/reals/srb_passport_32.jpg,0,srb,reals,passport
/home/cboned/Documentos/Projects/SIDTD_Dataset/datasets/SIDTD/templates/Images/reals/srb_passport_85.jpg,0,srb,reals,passport
/home/cboned/Documentos/Projects/SIDTD_Dataset/datasets/SIDTD/templates/Images/reals/srb_passport_10.jpg,0,srb,reals,passport
/home/cboned/Documentos/Projects/SIDTD_Dataset/datasets/SIDTD/templates/Images/reals/srb_passport_89.jpg,0,srb,reals,passport
/home/cboned/Documentos/Projects/SIDTD_Dataset/datasets/SIDTD/templates/Images/reals/srb_passport_52.jpg,0,srb,reals,passport
/home/cboned/Documentos/Projects/SIDTD_Dataset/datasets/SIDTD/templates/Images/fakes/srb_passport_79_fake_2_96.jpg,1,srb,fakes,passport
/home/cboned/Documentos/Projects/SIDTD_Dataset/datasets/SIDTD/templates/Images/reals/srb_passport_76.jpg,0,srb,reals,passport
/home/cboned/Documentos/Projects/SIDTD_Dataset/datasets/SIDTD/templates/Images/reals/srb_passport_77.jpg,0,srb,reals,passport
/home/cboned/Documentos/Projects/SIDTD_Dataset/datasets/SIDTD/templates/Images/reals/srb_passport_82.jpg,0,srb,reals,passport
/home/cboned/Documentos/Projects/SIDTD_Dataset/datasets/SIDTD/templates/Images/reals/srb_passport_02.jpg,0,srb,reals,passport
/home/cboned/Documentos/Projects/SIDTD_Dataset/datasets/SIDTD/templates/Images/reals/srb_passport_88.jpg,0,srb,reals,passport
/home/cboned/Documentos/Projects/SIDTD_Dataset/datasets/SIDTD/templates/Images/reals/srb_passport_50.jpg,0,srb,reals,passport
/home/cboned/Documentos/Projects/SIDTD_Dataset/datasets/SIDTD/templates/Images/reals/srb_passport_21.jpg,0,srb,reals,passport
/home/cboned/Documentos/Projects/SIDTD_Dataset/datasets/SIDTD/templates/Images/reals/srb_passport_76.jpg,0,srb,reals,passport
/home/cboned/Documentos/Projects/SIDTD_Dataset/datasets/SIDTD/templates/Images/reals/srb_passport_48.jpg,0,srb,reals,passport
/home/cboned/Documentos/Projects/SIDTD_Dataset/datasets/SIDTD/templates/Images/reals/srb_passport_99.jpg,0,srb,reals,passport
/home/cboned/Documentos/Projects/SIDTD_Dataset/datasets/SIDTD/templates/Images/reals/srb_passport_69.jpg,0,srb,reals,passport
/home/cboned/Documentos/Projects/SIDTD_Dataset/datasets/SIDTD/templates/Images/fakes/srb_passport_10_fake_2_0.jpg,1,srb,fakes,passport
/home/cboned/Documentos/Projects/SIDTD_Dataset/datasets/SIDTD/templates/Images/reals/srb_passport_69.jpg,0,srb,reals,passport
/home/cboned/Documentos/Projects/SIDTD_Dataset/datasets/SIDTD/templates/Images/reals/srb_passport_78.jpg,0,srb,reals,passport
/home/cboned/Documentos/Projects/SIDTD_Dataset/datasets/SIDTD/templates/Images/reals/srb_passport_29.jpg,0,srb,reals,passport
/home/cboned/Documentos/Projects/SIDTD_Dataset/datasets/SIDTD/templates/Images/fakes/srb_passport_59_fake_2_107.jpg,1,srb,fakes,passport
/home/cboned/Documentos/Projects/SIDTD_Dataset/datasets/SIDTD/templates/Images/fakes/srb_passport_61_fake_2_125.jpg,1,srb,fakes,passport
/home/cboned/Documentos/Projects/SIDTD_Dataset/datasets/SIDTD/templates/Images/reals/srb_passport_01.jpg,0,srb,reals,passport
/home/cboned/Documentos/Projects/SIDTD_Dataset/datasets/SIDTD/templates/Images/fakes/srb_passport_98_fake_2_19.jpg,1,srb,fakes,passport
/home/cboned/Documentos/Projects/SIDTD_Dataset/datasets/SIDTD/templates/Images/reals/srb_passport_98.jpg,0,srb,reals,passport
/home/cboned/Documentos/Projects/SIDTD_Dataset/datasets/SIDTD/templates/Images/reals/srb_passport_74.jpg,0,srb,reals,passport
/home/cboned/Documentos/Projects/SIDTD_Dataset/datasets/SIDTD/templates/Images/reals/srb_passport_11.jpg,0,srb,reals,passport
/home/cboned/Documentos/Projects/SIDTD_Dataset/datasets/SIDTD/templates/Images/reals/srb_passport_08.jpg,0,srb,reals,passport
/home/cboned/Documentos/Projects/SIDTD_Dataset/datasets/SIDTD/templates/Images/reals/srb_passport_48.jpg,0,srb,reals,passport
/home/cboned/Documentos/Projects/SIDTD_Dataset/datasets/SIDTD/templates/Images/reals/srb_passport_51.jpg,0,srb,reals,passport
/home/cboned/Documentos/Projects/SIDTD_Dataset/datasets/SIDTD/templates/Images/fakes/srb_passport_51_fake_2_99.jpg,1,srb,fakes,passport
/home/cboned/Documentos/Projects/SIDTD_Dataset/datasets/SIDTD/templates/Images/reals/srb_passport_96.jpg,0,srb,reals,passport
/home/cboned/Documentos/Projects/SIDTD_Dataset/datasets/SIDTD/templates/Images/fakes/srb_passport_69_fake_2_197.jpg,1,srb,fakes,passport
/home/cboned/Documentos/Projects/SIDTD_Dataset/datasets/SIDTD/templates/Images/reals/srb_passport_47.jpg,0,srb,reals,passport
/home/cboned/Documentos/Projects/SIDTD_Dataset/datasets/SIDTD/templates/Images/reals/srb_passport_82.jpg,0,srb,reals,passport
/home/cboned/Documentos/Projects/SIDTD_Dataset/datasets/SIDTD/templates/Images/reals/svk_id_25.jpg,0,svk,reals,id
/home/cboned/Documentos/Projects/SIDTD_Dataset/datasets/SIDTD/templates/Images/reals/svk_id_83.jpg,0,svk,reals,id
/home/cboned/Documentos/Projects/SIDTD_Dataset/datasets/SIDTD/templates/Images/reals/svk_id_89.jpg,0,svk,reals,id
/home/cboned/Documentos/Projects/SIDTD_Dataset/datasets/SIDTD/templates/Images/reals/svk_id_74.jpg,0,svk,reals,id
/home/cboned/Documentos/Projects/SIDTD_Dataset/datasets/SIDTD/templates/Images/reals/svk_id_35.jpg,0,svk,reals,id
/home/cboned/Documentos/Projects/SIDTD_Dataset/datasets/SIDTD/templates/Images/reals/svk_id_01.jpg,0,svk,reals,id
/home/cboned/Documentos/Projects/SIDTD_Dataset/datasets/SIDTD/templates/Images/fakes/svk_id_02_fake_5_197.jpg,1,svk,fakes,id
/home/cboned/Documentos/Projects/SIDTD_Dataset/datasets/SIDTD/templates/Images/reals/svk_id_93.jpg,0,svk,reals,id
/home/cboned/Documentos/Projects/SIDTD_Dataset/datasets/SIDTD/templates/Images/reals/svk_id_40.jpg,0,svk,reals,id
/home/cboned/Documentos/Projects/SIDTD_Dataset/datasets/SIDTD/templates/Images/reals/svk_id_96.jpg,0,svk,reals,id
/home/cboned/Documentos/Projects/SIDTD_Dataset/datasets/SIDTD/templates/Images/reals/svk_id_32.jpg,0,svk,reals,id
/home/cboned/Documentos/Projects/SIDTD_Dataset/datasets/SIDTD/templates/Images/reals/svk_id_21.jpg,0,svk,reals,id
/home/cboned/Documentos/Projects/SIDTD_Dataset/datasets/SIDTD/templates/Images/fakes/svk_id_55_fake_5_176.jpg,1,svk,fakes,id
/home/cboned/Documentos/Projects/SIDTD_Dataset/datasets/SIDTD/templates/Images/reals/svk_id_17.jpg,0,svk,reals,id
/home/cboned/Documentos/Projects/SIDTD_Dataset/datasets/SIDTD/templates/Images/fakes/svk_id_73_fake_5_5.jpg,1,svk,fakes,id
/home/cboned/Documentos/Projects/SIDTD_Dataset/datasets/SIDTD/templates/Images/reals/svk_id_06.jpg,0,svk,reals,id
/home/cboned/Documentos/Projects/SIDTD_Dataset/datasets/SIDTD/templates/Images/reals/svk_id_60.jpg,0,svk,reals,id
/home/cboned/Documentos/Projects/SIDTD_Dataset/datasets/SIDTD/templates/Images/reals/svk_id_48.jpg,0,svk,reals,id
/home/cboned/Documentos/Projects/SIDTD_Dataset/datasets/SIDTD/templates/Images/reals/svk_id_19.jpg,0,svk,reals,id
/home/cboned/Documentos/Projects/SIDTD_Dataset/datasets/SIDTD/templates/Images/reals/svk_id_55.jpg,0,svk,reals,id
/home/cboned/Documentos/Projects/SIDTD_Dataset/datasets/SIDTD/templates/Images/reals/svk_id_42.jpg,0,svk,reals,id
/home/cboned/Documentos/Projects/SIDTD_Dataset/datasets/SIDTD/templates/Images/reals/svk_id_47.jpg,0,svk,reals,id
/home/cboned/Documentos/Projects/SIDTD_Dataset/datasets/SIDTD/templates/Images/reals/svk_id_79.jpg,0,svk,reals,id
/home/cboned/Documentos/Projects/SIDTD_Dataset/datasets/SIDTD/templates/Images/reals/svk_id_78.jpg,0,svk,reals,id
/home/cboned/Documentos/Projects/SIDTD_Dataset/datasets/SIDTD/templates/Images/reals/svk_id_44.jpg,0,svk,reals,id
/home/cboned/Documentos/Projects/SIDTD_Dataset/datasets/SIDTD/templates/Images/reals/svk_id_19.jpg,0,svk,reals,id
/home/cboned/Documentos/Projects/SIDTD_Dataset/datasets/SIDTD/templates/Images/reals/svk_id_01.jpg,0,svk,reals,id
/home/cboned/Documentos/Projects/SIDTD_Dataset/datasets/SIDTD/templates/Images/reals/svk_id_07.jpg,0,svk,reals,id
/home/cboned/Documentos/Projects/SIDTD_Dataset/datasets/SIDTD/templates/Images/fakes/svk_id_94_fake_5_166.jpg,1,svk,fakes,id
/home/cboned/Documentos/Projects/SIDTD_Dataset/datasets/SIDTD/templates/Images/reals/svk_id_94.jpg,0,svk,reals,id
/home/cboned/Documentos/Projects/SIDTD_Dataset/datasets/SIDTD/templates/Images/reals/svk_id_78.jpg,0,svk,reals,id
/home/cboned/Documentos/Projects/SIDTD_Dataset/datasets/SIDTD/templates/Images/reals/svk_id_41.jpg,0,svk,reals,id
/home/cboned/Documentos/Projects/SIDTD_Dataset/datasets/SIDTD/templates/Images/reals/svk_id_41.jpg,0,svk,reals,id
/home/cboned/Documentos/Projects/SIDTD_Dataset/datasets/SIDTD/templates/Images/reals/svk_id_52.jpg,0,svk,reals,id
/home/cboned/Documentos/Projects/SIDTD_Dataset/datasets/SIDTD/templates/Images/reals/svk_id_05.jpg,0,svk,reals,id
/home/cboned/Documentos/Projects/SIDTD_Dataset/datasets/SIDTD/templates/Images/reals/svk_id_89.jpg,0,svk,reals,id
/home/cboned/Documentos/Projects/SIDTD_Dataset/datasets/SIDTD/templates/Images/reals/svk_id_36.jpg,0,svk,reals,id
/home/cboned/Documentos/Projects/SIDTD_Dataset/datasets/SIDTD/templates/Images/reals/svk_id_05.jpg,0,svk,reals,id
/home/cboned/Documentos/Projects/SIDTD_Dataset/datasets/SIDTD/templates/Images/reals/svk_id_90.jpg,0,svk,reals,id
/home/cboned/Documentos/Projects/SIDTD_Dataset/datasets/SIDTD/templates/Images/reals/svk_id_73.jpg,0,svk,reals,id
/home/cboned/Documentos/Projects/SIDTD_Dataset/datasets/SIDTD/templates/Images/fakes/svk_id_89_fake_5_62.jpg,1,svk,fakes,id
/home/cboned/Documentos/Projects/SIDTD_Dataset/datasets/SIDTD/templates/Images/reals/svk_id_71.jpg,0,svk,reals,id
/home/cboned/Documentos/Projects/SIDTD_Dataset/datasets/SIDTD/templates/Images/reals/svk_id_36.jpg,0,svk,reals,id
/home/cboned/Documentos/Projects/SIDTD_Dataset/datasets/SIDTD/templates/Images/reals/svk_id_69.jpg,0,svk,reals,id
/home/cboned/Documentos/Projects/SIDTD_Dataset/datasets/SIDTD/templates/Images/reals/svk_id_69.jpg,0,svk,reals,id
/home/cboned/Documentos/Projects/SIDTD_Dataset/datasets/SIDTD/templates/Images/fakes/svk_id_36_fake_5_50.jpg,1,svk,fakes,id
/home/cboned/Documentos/Projects/SIDTD_Dataset/datasets/SIDTD/templates/Images/reals/svk_id_82.jpg,0,svk,reals,id
/home/cboned/Documentos/Projects/SIDTD_Dataset/datasets/SIDTD/templates/Images/reals/svk_id_96.jpg,0,svk,reals,id
/home/cboned/Documentos/Projects/SIDTD_Dataset/datasets/SIDTD/templates/Images/reals/svk_id_48.jpg,0,svk,reals,id
/home/cboned/Documentos/Projects/SIDTD_Dataset/datasets/SIDTD/templates/Images/reals/svk_id_88.jpg,0,svk,reals,id
/home/cboned/Documentos/Projects/SIDTD_Dataset/datasets/SIDTD/templates/Images/reals/svk_id_79.jpg,0,svk,reals,id
/home/cboned/Documentos/Projects/SIDTD_Dataset/datasets/SIDTD/templates/Images/reals/svk_id_17.jpg,0,svk,reals,id
/home/cboned/Documentos/Projects/SIDTD_Dataset/datasets/SIDTD/templates/Images/reals/svk_id_00.jpg,0,svk,reals,id
/home/cboned/Documentos/Projects/SIDTD_Dataset/datasets/SIDTD/templates/Images/reals/svk_id_26.jpg,0,svk,reals,id
/home/cboned/Documentos/Projects/SIDTD_Dataset/datasets/SIDTD/templates/Images/reals/svk_id_67.jpg,0,svk,reals,id
/home/cboned/Documentos/Projects/SIDTD_Dataset/datasets/SIDTD/templates/Images/reals/svk_id_92.jpg,0,svk,reals,id
/home/cboned/Documentos/Projects/SIDTD_Dataset/datasets/SIDTD/templates/Images/reals/svk_id_74.jpg,0,svk,reals,id
/home/cboned/Documentos/Projects/SIDTD_Dataset/datasets/SIDTD/templates/Images/reals/svk_id_83.jpg,0,svk,reals,id
/home/cboned/Documentos/Projects/SIDTD_Dataset/datasets/SIDTD/templates/Images/reals/svk_id_42.jpg,0,svk,reals,id
/home/cboned/Documentos/Projects/SIDTD_Dataset/datasets/SIDTD/templates/Images/reals/svk_id_18.jpg,0,svk,reals,id
/home/cboned/Documentos/Projects/SIDTD_Dataset/datasets/SIDTD/templates/Images/reals/svk_id_41.jpg,0,svk,reals,id
/home/cboned/Documentos/Projects/SIDTD_Dataset/datasets/SIDTD/templates/Images/reals/svk_id_85.jpg,0,svk,reals,id
/home/cboned/Documentos/Projects/SIDTD_Dataset/datasets/SIDTD/templates/Images/reals/svk_id_19.jpg,0,svk,reals,id
/home/cboned/Documentos/Projects/SIDTD_Dataset/datasets/SIDTD/templates/Images/reals/svk_id_52.jpg,0,svk,reals,id
/home/cboned/Documentos/Projects/SIDTD_Dataset/datasets/SIDTD/templates/Images/reals/svk_id_41.jpg,0,svk,reals,id
/home/cboned/Documentos/Projects/SIDTD_Dataset/datasets/SIDTD/templates/Images/reals/svk_id_72.jpg,0,svk,reals,id
/home/cboned/Documentos/Projects/SIDTD_Dataset/datasets/SIDTD/templates/Images/reals/svk_id_12.jpg,0,svk,reals,id
/home/cboned/Documentos/Projects/SIDTD_Dataset/datasets/SIDTD/templates/Images/fakes/svk_id_42_fake_5_76.jpg,1,svk,fakes,id
/home/cboned/Documentos/Projects/SIDTD_Dataset/datasets/SIDTD/templates/Images/reals/svk_id_85.jpg,0,svk,reals,id
